file,label,mic,session,n,prompt,cond,device_index,device,duration_s,rms_dbfs,peak_dbfs,recorded_at,redo
ambient_laptop_a01_001.wav,ambient,laptop,a01,1,,quiet room,1,Digital Microphone (Cirrus Logi [MME],180.00,-41.1,-7.0,2026-09-25T19:00:58,0
positive_laptop_s01_001.wav,positive,laptop,s01,1,normal,1m facing,1,Digital Microphone (Cirrus Logi [MME],1.30,-24.0,-4.0,2026-09-25T19:03:54,0
positive_laptop_s01_002.wav,positive,laptop,s01,2,quiet,1m facing,1,Digital Microphone (Cirrus Logi [MME],1.20,-23.6,-4.9,2026-09-25T19:03:59,0
positive_laptop_s01_003.wav,positive,laptop,s01,3,loud,1m facing,1,Digital Microphone (Cirrus Logi [MME],1.40,-18.0,-2.8,2026-09-25T19:04:04,0
positive_laptop_s01_004.wav,positive,laptop,s01,4,slow,1m facing,1,Digital Microphone (Cirrus Logi [MME],1.40,-38.0,-20.2,2026-09-25T19:04:10,0
positive_laptop_s01_005.wav,positive,laptop,s01,5,fast,1m facing,1,Digital Microphone (Cirrus Logi [MME],1.10,-24.7,-4.9,2026-09-25T19:04:15,0
positive_laptop_s01_006.wav,positive,laptop,s01,6,normal,1m facing,1,Digital Microphone (Cirrus Logi [MME],2.10,-25.4,-5.1,2026-09-25T19:04:20,0
positive_laptop_s01_007.wav,positive,laptop,s01,7,quiet,1m facing,1,Digital Microphone (Cirrus Logi [MME],1.40,-27.4,-6.2,2026-09-25T19:04:25,0
positive_laptop_s01_008.wav,positive,laptop,s01,8,loud,1m facing,1,Digital Microphone (Cirrus Logi [MME],1.60,-17.8,-2.8,2026-09-25T19:04:30,0
positive_laptop_s01_009.wav,positive,laptop,s01,9,slow,1m facing,1,Digital Microphone (Cirrus Logi [MME],1.60,-26.3,-7.8,2026-09-25T19:04:36,0
positive_laptop_s01_010.wav,positive,laptop,s01,10,fast,1m facing,1,Digital Microphone (Cirrus Logi [MME],1.10,-24.5,-5.4,2026-09-25T19:04:40,0
positive_laptop_s01_011.wav,positive,laptop,s01,11,normal,1m facing,1,Digital Microphone (Cirrus Logi [MME],1.30,-23.6,-5.7,2026-09-25T19:04:45,0
positive_laptop_s01_012.wav,positive,laptop,s01,12,quiet,1m facing,1,Digital Microphone (Cirrus Logi [MME],1.20,-26.5,-8.9,2026-09-25T19:04:51,0
positive_laptop_s01_013.wav,positive,laptop,s01,13,loud,1m facing,1,Digital Microphone (Cirrus Logi [MME],2.00,-19.7,-1.8,2026-09-25T19:04:56,0
positive_laptop_s01_014.wav,positive,laptop,s01,14,slow,1m facing,1,Digital Microphone (Cirrus Logi [MME],2.10,-36.5,-13.5,2026-09-25T19:05:01,0
positive_laptop_s01_015.wav,positive,laptop,s01,15,fast,1m facing,1,Digital Microphone (Cirrus Logi [MME],1.50,-19.0,-2.7,2026-09-25T19:05:06,0
positive_laptop_s01_016.wav,positive,laptop,s01,16,normal,1m facing,1,Digital Microphone (Cirrus Logi [MME],1.30,-25.6,-5.4,2026-09-25T19:05:11,0
positive_laptop_s01_017.wav,positive,laptop,s01,17,quiet,1m facing,1,Digital Microphone (Cirrus Logi [MME],1.30,-23.6,-6.6,2026-09-25T19:05:16,0
positive_laptop_s01_018.wav,positive,laptop,s01,18,loud,1m facing,1,Digital Microphone (Cirrus Logi [MME],1.80,-20.2,-1.8,2026-09-25T19:05:21,0
positive_laptop_s01_019.wav,positive,laptop,s01,19,slow,1m facing,1,Digital Microphone (Cirrus Logi [MME],1.40,-33.4,-13.0,2026-09-25T19:05:26,0
positive_laptop_s01_020.wav,positive,laptop,s01,20,fast,1m facing,1,Digital Microphone (Cirrus Logi [MME],1.10,-22.4,-4.1,2026-09-25T19:05:30,0
positive_laptop_s01_021.wav,positive,laptop,s01,21,normal,1m facing,1,Digital Microphone (Cirrus Logi [MME],1.20,-26.0,-6.8,2026-09-25T19:05:35,0
positive_laptop_s01_022.wav,positive,laptop,s01,22,quiet,1m facing,1,Digital Microphone (Cirrus Logi [MME],1.40,-26.4,-6.5,2026-09-25T19:05:40,0
positive_laptop_s01_023.wav,positive,laptop,s01,23,loud,1m facing,1,Digital Microphone (Cirrus Logi [MME],4.00,-22.1,-1.3,2026-09-25T19:05:47,0
positive_laptop_s01_024.wav,positive,laptop,s01,24,slow,1m facing,1,Digital Microphone (Cirrus Logi [MME],2.50,-43.7,-20.9,2026-09-25T19:05:53,0
positive_laptop_s01_025.wav,positive,laptop,s01,25,fast,1m facing,1,Digital Microphone (Cirrus Logi [MME],1.70,-25.2,-5.5,2026-09-25T19:05:57,0
positive_laptop_s01_026.wav,positive,laptop,s01,26,normal,1m facing,1,Digital Microphone (Cirrus Logi [MME],1.20,-24.4,-4.8,2026-09-25T19:06:02,0
positive_laptop_s01_027.wav,positive,laptop,s01,27,quiet,1m facing,1,Digital Microphone (Cirrus Logi [MME],1.40,-25.6,-7.0,2026-09-25T19:06:06,0
positive_laptop_s01_028.wav,positive,laptop,s01,28,loud,1m facing,1,Digital Microphone (Cirrus Logi [MME],1.60,-18.2,-1.2,2026-09-25T19:06:11,0
positive_laptop_s01_029.wav,positive,laptop,s01,29,slow,1m facing,1,Digital Microphone (Cirrus Logi [MME],1.30,-39.3,-19.4,2026-09-25T19:06:16,0
positive_laptop_s01_030.wav,positive,laptop,s01,30,fast,1m facing,1,Digital Microphone (Cirrus Logi [MME],1.20,-21.2,-2.9,2026-09-25T19:06:21,0
positive_laptop_s01_031.wav,positive,laptop,s01,31,normal,1m facing,1,Digital Microphone (Cirrus Logi [MME],1.30,-24.9,-6.0,2026-09-25T19:06:25,0
positive_laptop_s01_032.wav,positive,laptop,s01,32,quiet,1m facing,1,Digital Microphone (Cirrus Logi [MME],1.20,-24.7,-5.2,2026-09-25T19:06:30,0
positive_laptop_s01_033.wav,positive,laptop,s01,33,loud,1m facing,1,Digital Microphone (Cirrus Logi [MME],2.20,-19.6,-1.7,2026-09-25T19:06:35,0
positive_laptop_s01_034.wav,positive,laptop,s01,34,slow,1m facing,1,Digital Microphone (Cirrus Logi [MME],1.30,-34.1,-13.9,2026-09-25T19:06:40,0
positive_laptop_s01_035.wav,positive,laptop,s01,35,fast,1m facing,1,Digital Microphone (Cirrus Logi [MME],1.20,-22.0,-3.9,2026-09-25T19:06:45,0
positive_laptop_s01_036.wav,positive,laptop,s01,36,normal,1m facing,1,Digital Microphone (Cirrus Logi [MME],1.20,-26.5,-7.0,2026-09-25T19:06:49,0
positive_laptop_s01_037.wav,positive,laptop,s01,37,quiet,1m facing,1,Digital Microphone (Cirrus Logi [MME],1.40,-26.5,-8.6,2026-09-25T19:06:54,0
positive_laptop_s01_038.wav,positive,laptop,s01,38,loud,1m facing,1,Digital Microphone (Cirrus Logi [MME],2.00,-20.6,-2.1,2026-09-25T19:06:59,0
positive_laptop_s01_039.wav,positive,laptop,s01,39,slow,1m facing,1,Digital Microphone (Cirrus Logi [MME],1.40,-33.3,-13.2,2026-09-25T19:07:04,0
positive_laptop_s01_040.wav,positive,laptop,s01,40,fast,1m facing,1,Digital Microphone (Cirrus Logi [MME],1.10,-29.5,-9.3,2026-09-25T19:07:08,0
positive_laptop_s01_041.wav,positive,laptop,s01,41,normal,1m facing,1,Digital Microphone (Cirrus Logi [MME],1.30,-24.9,-5.8,2026-09-25T19:07:12,0
positive_laptop_s01_042.wav,positive,laptop,s01,42,quiet,1m facing,1,Digital Microphone (Cirrus Logi [MME],1.20,-25.1,-5.8,2026-09-25T19:07:17,0
positive_laptop_s01_043.wav,positive,laptop,s01,43,loud,1m facing,1,Digital Microphone (Cirrus Logi [MME],1.40,-18.3,-1.9,2026-09-25T19:07:21,0
positive_laptop_s01_044.wav,positive,laptop,s01,44,slow,1m facing,1,Digital Microphone (Cirrus Logi [MME],1.40,-27.6,-8.5,2026-09-25T19:07:26,0
positive_laptop_s01_045.wav,positive,laptop,s01,45,fast,1m facing,1,Digital Microphone (Cirrus Logi [MME],1.10,-25.3,-5.7,2026-09-25T19:07:30,0
positive_laptop_s01_046.wav,positive,laptop,s01,46,normal,1m facing,1,Digital Microphone (Cirrus Logi [MME],1.20,-23.1,-5.5,2026-09-25T19:07:34,0
positive_laptop_s01_047.wav,positive,laptop,s01,47,quiet,1m facing,1,Digital Microphone (Cirrus Logi [MME],2.10,-30.5,-6.7,2026-09-25T19:07:40,0
positive_laptop_s01_048.wav,positive,laptop,s01,48,loud,1m facing,1,Digital Microphone (Cirrus Logi [MME],2.00,-20.0,-1.6,2026-09-25T19:07:45,0
positive_laptop_s01_049.wav,positive,laptop,s01,49,slow,1m facing,1,Digital Microphone (Cirrus Logi [MME],1.30,-35.1,-16.1,2026-09-25T19:07:49,0
positive_laptop_s01_050.wav,positive,laptop,s01,50,fast,1m facing,1,Digital Microphone (Cirrus Logi [MME],1.10,-23.7,-5.5,2026-09-25T19:07:53,0
positive_laptop_s01_051.wav,positive,laptop,s01,51,normal,1m facing,1,Digital Microphone (Cirrus Logi [MME],1.20,-23.1,-4.9,2026-09-25T19:07:58,0
positive_laptop_s01_052.wav,positive,laptop,s01,52,quiet,1m facing,1,Digital Microphone (Cirrus Logi [MME],1.20,-25.6,-6.2,2026-09-25T19:08:02,0
positive_laptop_s01_053.wav,positive,laptop,s01,53,loud,1m facing,1,Digital Microphone (Cirrus Logi [MME],1.60,-18.5,-2.0,2026-09-25T19:08:07,0
positive_laptop_s01_054.wav,positive,laptop,s01,54,slow,1m facing,1,Digital Microphone (Cirrus Logi [MME],1.60,-25.4,-6.5,2026-09-25T19:08:12,0
positive_laptop_s01_055.wav,positive,laptop,s01,55,fast,1m facing,1,Digital Microphone (Cirrus Logi [MME],1.10,-25.9,-4.5,2026-09-25T19:08:16,0
positive_laptop_s01_056.wav,positive,laptop,s01,56,normal,1m facing,1,Digital Microphone (Cirrus Logi [MME],1.20,-22.6,-4.7,2026-09-25T19:08:20,0
positive_laptop_s01_057.wav,positive,laptop,s01,57,quiet,1m facing,1,Digital Microphone (Cirrus Logi [MME],1.40,-27.7,-8.3,2026-09-25T19:08:25,0
positive_laptop_s01_058.wav,positive,laptop,s01,58,loud,1m facing,1,Digital Microphone (Cirrus Logi [MME],1.20,-19.3,-3.0,2026-09-25T19:08:29,0
positive_laptop_s01_059.wav,positive,laptop,s01,59,slow,1m facing,1,Digital Microphone (Cirrus Logi [MME],1.40,-26.9,-6.1,2026-09-25T19:08:34,0
positive_laptop_s01_060.wav,positive,laptop,s01,60,fast,1m facing,1,Digital Microphone (Cirrus Logi [MME],1.00,-28.2,-6.1,2026-09-25T19:08:38,0
positive_laptop_s01_061.wav,positive,laptop,s01,61,normal,1m facing,1,Digital Microphone (Cirrus Logi [MME],1.30,-25.1,-4.8,2026-09-25T19:08:43,0
positive_laptop_s01_062.wav,positive,laptop,s01,62,quiet,1m facing,1,Digital Microphone (Cirrus Logi [MME],1.20,-27.8,-8.3,2026-09-25T19:08:48,0
positive_laptop_s01_063.wav,positive,laptop,s01,63,loud,1m facing,1,Digital Microphone (Cirrus Logi [MME],2.10,-19.4,-1.4,2026-09-25T19:08:53,0
positive_laptop_s01_064.wav,positive,laptop,s01,64,slow,1m facing,1,Digital Microphone (Cirrus Logi [MME],1.30,-43.8,-25.5,2026-09-25T19:08:58,0
positive_laptop_s01_065.wav,positive,laptop,s01,65,fast,1m facing,1,Digital Microphone (Cirrus Logi [MME],0.90,-29.6,-8.6,2026-09-25T19:09:02,0
positive_laptop_s01_066.wav,positive,laptop,s01,66,normal,1m facing,1,Digital Microphone (Cirrus Logi [MME],1.20,-23.2,-5.2,2026-09-25T19:09:06,0
positive_laptop_s01_067.wav,positive,laptop,s01,67,quiet,1m facing,1,Digital Microphone (Cirrus Logi [MME],1.20,-27.9,-8.2,2026-09-25T19:09:10,0
positive_laptop_s01_068.wav,positive,laptop,s01,68,loud,1m facing,1,Digital Microphone (Cirrus Logi [MME],1.80,-20.2,-1.3,2026-09-25T19:09:15,0
positive_laptop_s01_069.wav,positive,laptop,s01,69,slow,1m facing,1,Digital Microphone (Cirrus Logi [MME],1.30,-31.9,-12.0,2026-09-25T19:09:20,0
positive_laptop_s01_070.wav,positive,laptop,s01,70,fast,1m facing,1,Digital Microphone (Cirrus Logi [MME],1.00,-25.9,-5.6,2026-09-25T19:09:24,0
positive_laptop_s01_071.wav,positive,laptop,s01,71,normal,1m facing,1,Digital Microphone (Cirrus Logi [MME],1.30,-27.3,-7.6,2026-09-25T19:09:29,0
positive_laptop_s01_072.wav,positive,laptop,s01,72,quiet,1m facing,1,Digital Microphone (Cirrus Logi [MME],1.20,-27.7,-9.5,2026-09-25T19:09:34,0
positive_laptop_s01_073.wav,positive,laptop,s01,73,loud,1m facing,1,Digital Microphone (Cirrus Logi [MME],1.70,-19.8,-1.7,2026-09-25T19:09:38,0
positive_laptop_s01_074.wav,positive,laptop,s01,74,slow,1m facing,1,Digital Microphone (Cirrus Logi [MME],1.30,-24.4,-5.3,2026-09-25T19:09:43,0
positive_laptop_s01_075.wav,positive,laptop,s01,75,fast,1m facing,1,Digital Microphone (Cirrus Logi [MME],1.00,-26.7,-7.1,2026-09-25T19:09:47,0
positive_laptop_s01_076.wav,positive,laptop,s01,76,normal,1m facing,1,Digital Microphone (Cirrus Logi [MME],1.20,-23.9,-5.4,2026-09-25T19:09:52,0
positive_laptop_s01_077.wav,positive,laptop,s01,77,quiet,1m facing,1,Digital Microphone (Cirrus Logi [MME],1.10,-24.7,-7.2,2026-09-25T19:09:56,0
positive_laptop_s01_078.wav,positive,laptop,s01,78,loud,1m facing,1,Digital Microphone (Cirrus Logi [MME],1.50,-18.8,-2.8,2026-09-25T19:10:00,0
positive_laptop_s01_079.wav,positive,laptop,s01,79,slow,1m facing,1,Digital Microphone (Cirrus Logi [MME],1.40,-31.3,-11.0,2026-09-25T19:10:05,0
positive_laptop_s01_080.wav,positive,laptop,s01,80,fast,1m facing,1,Digital Microphone (Cirrus Logi [MME],1.30,-28.2,-7.6,2026-09-25T19:10:09,0
positive_laptop_s01_081.wav,positive,laptop,s01,81,normal,1m facing,1,Digital Microphone (Cirrus Logi [MME],1.20,-25.6,-7.1,2026-09-25T19:10:13,0
positive_laptop_s01_082.wav,positive,laptop,s01,82,quiet,1m facing,1,Digital Microphone (Cirrus Logi [MME],1.10,-27.0,-7.9,2026-09-25T19:10:18,0
positive_laptop_s01_083.wav,positive,laptop,s01,83,loud,1m facing,1,Digital Microphone (Cirrus Logi [MME],1.40,-18.7,-2.0,2026-09-25T19:10:22,0
positive_laptop_s01_084.wav,positive,laptop,s01,84,slow,1m facing,1,Digital Microphone (Cirrus Logi [MME],1.20,-40.9,-21.3,2026-09-25T19:10:27,0
positive_laptop_s01_085.wav,positive,laptop,s01,85,fast,1m facing,1,Digital Microphone (Cirrus Logi [MME],1.00,-24.0,-5.7,2026-09-25T19:10:31,0
positive_laptop_s01_086.wav,positive,laptop,s01,86,normal,1m facing,1,Digital Microphone (Cirrus Logi [MME],1.20,-26.9,-8.6,2026-09-25T19:10:35,0
positive_laptop_s01_087.wav,positive,laptop,s01,87,quiet,1m facing,1,Digital Microphone (Cirrus Logi [MME],1.20,-25.7,-6.9,2026-09-25T19:10:39,0
positive_laptop_s01_088.wav,positive,laptop,s01,88,loud,1m facing,1,Digital Microphone (Cirrus Logi [MME],1.40,-20.0,-2.5,2026-09-25T19:10:44,0
positive_laptop_s01_089.wav,positive,laptop,s01,89,slow,1m facing,1,Digital Microphone (Cirrus Logi [MME],1.20,-33.0,-14.0,2026-09-25T19:10:48,0
positive_laptop_s01_090.wav,positive,laptop,s01,90,fast,1m facing,1,Digital Microphone (Cirrus Logi [MME],1.00,-25.3,-6.3,2026-09-25T19:10:52,0
positive_laptop_s01_091.wav,positive,laptop,s01,91,normal,1m facing,1,Digital Microphone (Cirrus Logi [MME],2.40,-26.9,-5.3,2026-09-25T19:10:58,0
positive_laptop_s01_092.wav,positive,laptop,s01,92,quiet,1m facing,1,Digital Microphone (Cirrus Logi [MME],1.30,-28.9,-9.0,2026-09-25T19:11:02,0
positive_laptop_s01_093.wav,positive,laptop,s01,93,loud,1m facing,1,Digital Microphone (Cirrus Logi [MME],1.20,-19.8,-4.2,2026-09-25T19:11:06,0
positive_laptop_s01_094.wav,positive,laptop,s01,94,slow,1m facing,1,Digital Microphone (Cirrus Logi [MME],1.30,-25.8,-7.6,2026-09-25T19:11:11,0
positive_laptop_s01_095.wav,positive,laptop,s01,95,fast,1m facing,1,Digital Microphone (Cirrus Logi [MME],1.00,-26.0,-7.8,2026-09-25T19:11:14,0
positive_laptop_s01_096.wav,positive,laptop,s01,96,normal,1m facing,1,Digital Microphone (Cirrus Logi [MME],1.20,-22.5,-4.3,2026-09-25T19:11:19,0
positive_laptop_s01_097.wav,positive,laptop,s01,97,quiet,1m facing,1,Digital Microphone (Cirrus Logi [MME],1.10,-29.6,-9.4,2026-09-25T19:11:23,0
positive_laptop_s01_098.wav,positive,laptop,s01,98,loud,1m facing,1,Digital Microphone (Cirrus Logi [MME],1.30,-19.0,-2.7,2026-09-25T19:11:27,0
positive_laptop_s01_099.wav,positive,laptop,s01,99,slow,1m facing,1,Digital Microphone (Cirrus Logi [MME],1.20,-27.2,-7.3,2026-09-25T19:11:31,0
positive_laptop_s01_100.wav,positive,laptop,s01,100,fast,1m facing,1,Digital Microphone (Cirrus Logi [MME],0.90,-25.2,-7.0,2026-09-25T19:11:35,0
positive_laptop_s02_001.wav,positive,laptop,s02,1,normal,30cm facing,1,Digital Microphone (Cirrus Logi [MME],1.30,-23.2,-3.5,2026-09-25T19:52:30,0
positive_laptop_s02_002.wav,positive,laptop,s02,2,quiet,30cm facing,1,Digital Microphone (Cirrus Logi [MME],1.30,-28.7,-8.7,2026-09-25T19:52:35,0
positive_laptop_s02_003.wav,positive,laptop,s02,3,loud,30cm facing,1,Digital Microphone (Cirrus Logi [MME],1.20,-18.1,-2.2,2026-09-25T19:52:39,0
positive_laptop_s02_004.wav,positive,laptop,s02,4,slow,30cm facing,1,Digital Microphone (Cirrus Logi [MME],1.70,-30.7,-10.0,2026-09-25T19:52:44,0
positive_laptop_s02_005.wav,positive,laptop,s02,5,fast,30cm facing,1,Digital Microphone (Cirrus Logi [MME],1.10,-24.0,-4.7,2026-09-25T19:52:48,0
positive_laptop_s02_006.wav,positive,laptop,s02,6,normal,30cm facing,1,Digital Microphone (Cirrus Logi [MME],1.60,-26.9,-6.6,2026-09-25T19:52:53,0
positive_laptop_s02_007.wav,positive,laptop,s02,7,quiet,30cm facing,1,Digital Microphone (Cirrus Logi [MME],1.30,-29.3,-10.5,2026-09-25T19:52:57,0
positive_laptop_s02_008.wav,positive,laptop,s02,8,loud,30cm facing,1,Digital Microphone (Cirrus Logi [MME],2.90,-20.7,-1.5,2026-09-25T19:53:03,0
positive_laptop_s02_009.wav,positive,laptop,s02,9,slow,30cm facing,1,Digital Microphone (Cirrus Logi [MME],1.30,-36.5,-14.2,2026-09-25T19:53:08,0
positive_laptop_s02_010.wav,positive,laptop,s02,10,fast,30cm facing,1,Digital Microphone (Cirrus Logi [MME],1.10,-24.8,-4.4,2026-09-25T19:53:12,0
positive_laptop_s02_011.wav,positive,laptop,s02,11,normal,30cm facing,1,Digital Microphone (Cirrus Logi [MME],1.90,-26.4,-4.9,2026-09-25T19:53:16,0
positive_laptop_s02_012.wav,positive,laptop,s02,12,quiet,30cm facing,1,Digital Microphone (Cirrus Logi [MME],1.30,-30.0,-11.3,2026-09-25T19:53:21,0
positive_laptop_s02_013.wav,positive,laptop,s02,13,loud,30cm facing,1,Digital Microphone (Cirrus Logi [MME],2.00,-19.0,-1.5,2026-09-25T19:53:25,0
positive_laptop_s02_014.wav,positive,laptop,s02,14,slow,30cm facing,1,Digital Microphone (Cirrus Logi [MME],1.30,-40.6,-20.5,2026-09-25T19:53:30,0
positive_laptop_s02_015.wav,positive,laptop,s02,15,fast,30cm facing,1,Digital Microphone (Cirrus Logi [MME],1.70,-25.0,-3.5,2026-09-25T19:53:34,0
positive_laptop_s02_016.wav,positive,laptop,s02,16,normal,30cm facing,1,Digital Microphone (Cirrus Logi [MME],1.20,-23.1,-4.7,2026-09-25T19:53:39,0
positive_laptop_s02_017.wav,positive,laptop,s02,17,quiet,30cm facing,1,Digital Microphone (Cirrus Logi [MME],1.60,-25.6,-9.0,2026-09-25T19:53:44,0
positive_laptop_s02_018.wav,positive,laptop,s02,18,loud,30cm facing,1,Digital Microphone (Cirrus Logi [MME],4.00,-22.3,-1.7,2026-09-25T19:53:50,0
positive_laptop_s02_019.wav,positive,laptop,s02,19,slow,30cm facing,1,Digital Microphone (Cirrus Logi [MME],3.90,-43.5,-17.9,2026-09-25T19:53:56,0
positive_laptop_s02_020.wav,positive,laptop,s02,20,fast,30cm facing,1,Digital Microphone (Cirrus Logi [MME],1.10,-28.2,-6.4,2026-09-25T19:54:00,0
positive_laptop_s02_021.wav,positive,laptop,s02,21,normal,30cm facing,1,Digital Microphone (Cirrus Logi [MME],2.30,-29.2,-6.3,2026-09-25T19:54:06,0
positive_laptop_s02_022.wav,positive,laptop,s02,22,quiet,30cm facing,1,Digital Microphone (Cirrus Logi [MME],1.50,-29.1,-10.2,2026-09-25T19:54:10,0
positive_laptop_s02_023.wav,positive,laptop,s02,23,loud,30cm facing,1,Digital Microphone (Cirrus Logi [MME],2.10,-19.7,-1.3,2026-09-25T19:54:15,0
positive_laptop_s02_024.wav,positive,laptop,s02,24,slow,30cm facing,1,Digital Microphone (Cirrus Logi [MME],1.90,-36.0,-14.2,2026-09-25T19:54:21,0
positive_laptop_s02_025.wav,positive,laptop,s02,25,fast,30cm facing,1,Digital Microphone (Cirrus Logi [MME],2.00,-26.2,-5.1,2026-09-25T19:54:26,0
positive_laptop_s02_026.wav,positive,laptop,s02,26,normal,30cm facing,1,Digital Microphone (Cirrus Logi [MME],1.70,-25.1,-5.9,2026-09-25T19:54:30,0
positive_laptop_s02_027.wav,positive,laptop,s02,27,quiet,30cm facing,1,Digital Microphone (Cirrus Logi [MME],1.80,-25.5,-7.9,2026-09-25T19:54:35,0
positive_laptop_s02_028.wav,positive,laptop,s02,28,loud,30cm facing,1,Digital Microphone (Cirrus Logi [MME],1.80,-19.7,-1.9,2026-09-25T19:54:39,0
positive_laptop_s02_029.wav,positive,laptop,s02,29,slow,30cm facing,1,Digital Microphone (Cirrus Logi [MME],1.40,-37.3,-14.7,2026-09-25T19:54:44,0
positive_laptop_s02_030.wav,positive,laptop,s02,30,fast,30cm facing,1,Digital Microphone (Cirrus Logi [MME],0.90,-25.4,-5.9,2026-09-25T19:54:48,0
positive_laptop_s02_031.wav,positive,laptop,s02,31,normal,30cm facing,1,Digital Microphone (Cirrus Logi [MME],1.40,-26.1,-8.8,2026-09-25T19:54:52,0
positive_laptop_s02_032.wav,positive,laptop,s02,32,quiet,30cm facing,1,Digital Microphone (Cirrus Logi [MME],1.90,-28.8,-7.4,2026-09-25T19:54:58,0
positive_laptop_s02_033.wav,positive,laptop,s02,33,loud,30cm facing,1,Digital Microphone (Cirrus Logi [MME],4.00,-23.2,-0.9,2026-09-25T19:55:04,0
positive_laptop_s02_034.wav,positive,laptop,s02,34,slow,30cm facing,1,Digital Microphone (Cirrus Logi [MME],4.00,-40.3,-14.8,2026-09-25T19:55:09,0
positive_laptop_s02_035.wav,positive,laptop,s02,35,fast,30cm facing,1,Digital Microphone (Cirrus Logi [MME],1.70,-29.3,-4.8,2026-09-25T19:55:14,0
positive_laptop_s02_036.wav,positive,laptop,s02,36,normal,30cm facing,1,Digital Microphone (Cirrus Logi [MME],1.20,-27.0,-6.3,2026-09-25T19:55:18,0
positive_laptop_s02_037.wav,positive,laptop,s02,37,quiet,30cm facing,1,Digital Microphone (Cirrus Logi [MME],1.20,-29.2,-12.5,2026-09-25T19:55:23,0
positive_laptop_s02_038.wav,positive,laptop,s02,38,loud,30cm facing,1,Digital Microphone (Cirrus Logi [MME],2.10,-20.7,-1.1,2026-09-25T19:55:28,0
positive_laptop_s02_039.wav,positive,laptop,s02,39,slow,30cm facing,1,Digital Microphone (Cirrus Logi [MME],1.10,-41.8,-20.9,2026-09-25T19:55:32,0
positive_laptop_s02_040.wav,positive,laptop,s02,40,fast,30cm facing,1,Digital Microphone (Cirrus Logi [MME],2.10,-26.8,-3.5,2026-09-25T19:55:38,0
positive_laptop_s02_041.wav,positive,laptop,s02,41,normal,30cm facing,1,Digital Microphone (Cirrus Logi [MME],1.20,-25.5,-6.5,2026-09-25T19:55:42,0
positive_laptop_s02_042.wav,positive,laptop,s02,42,quiet,30cm facing,1,Digital Microphone (Cirrus Logi [MME],1.20,-32.6,-14.1,2026-09-25T19:55:47,0
positive_laptop_s02_043.wav,positive,laptop,s02,43,loud,30cm facing,1,Digital Microphone (Cirrus Logi [MME],4.00,-22.3,-1.2,2026-09-25T19:55:53,0
positive_laptop_s02_044.wav,positive,laptop,s02,44,slow,30cm facing,1,Digital Microphone (Cirrus Logi [MME],4.00,-47.6,-25.3,2026-09-25T19:55:58,0
positive_laptop_s02_045.wav,positive,laptop,s02,45,fast,30cm facing,1,Digital Microphone (Cirrus Logi [MME],2.20,-33.5,-9.8,2026-09-25T19:56:03,0
positive_laptop_s02_046.wav,positive,laptop,s02,46,normal,30cm facing,1,Digital Microphone (Cirrus Logi [MME],1.40,-32.8,-12.4,2026-09-25T19:56:07,0
positive_laptop_s02_047.wav,positive,laptop,s02,47,quiet,30cm facing,1,Digital Microphone (Cirrus Logi [MME],1.10,-29.8,-10.7,2026-09-25T19:56:12,0
positive_laptop_s02_048.wav,positive,laptop,s02,48,loud,30cm facing,1,Digital Microphone (Cirrus Logi [MME],1.30,-18.9,-1.6,2026-09-25T19:56:16,0
positive_laptop_s02_049.wav,positive,laptop,s02,49,slow,30cm facing,1,Digital Microphone (Cirrus Logi [MME],1.40,-32.5,-12.4,2026-09-25T19:56:21,0
positive_laptop_s02_050.wav,positive,laptop,s02,50,fast,30cm facing,1,Digital Microphone (Cirrus Logi [MME],1.20,-26.6,-4.9,2026-09-25T19:56:25,0
positive_laptop_s02_051.wav,positive,laptop,s02,51,normal,30cm facing,1,Digital Microphone (Cirrus Logi [MME],1.20,-30.8,-9.8,2026-09-25T19:56:29,0
positive_laptop_s02_052.wav,positive,laptop,s02,52,quiet,30cm facing,1,Digital Microphone (Cirrus Logi [MME],1.40,-34.2,-12.6,2026-09-25T19:56:34,0
positive_laptop_s02_053.wav,positive,laptop,s02,53,loud,30cm facing,1,Digital Microphone (Cirrus Logi [MME],3.70,-22.4,-1.5,2026-09-25T19:56:40,0
positive_laptop_s02_054.wav,positive,laptop,s02,54,slow,30cm facing,1,Digital Microphone (Cirrus Logi [MME],1.10,-45.3,-24.4,2026-09-25T19:56:44,0
positive_laptop_s02_055.wav,positive,laptop,s02,55,fast,30cm facing,1,Digital Microphone (Cirrus Logi [MME],1.00,-28.8,-7.7,2026-09-25T19:56:49,0
positive_laptop_s02_056.wav,positive,laptop,s02,56,normal,30cm facing,1,Digital Microphone (Cirrus Logi [MME],1.20,-27.4,-6.5,2026-09-25T19:56:53,0
positive_laptop_s02_057.wav,positive,laptop,s02,57,quiet,30cm facing,1,Digital Microphone (Cirrus Logi [MME],1.10,-29.6,-12.4,2026-09-25T19:56:58,0
positive_laptop_s02_058.wav,positive,laptop,s02,58,loud,30cm facing,1,Digital Microphone (Cirrus Logi [MME],2.30,-20.9,-1.6,2026-09-25T19:57:03,0
positive_laptop_s02_059.wav,positive,laptop,s02,59,slow,30cm facing,1,Digital Microphone (Cirrus Logi [MME],3.90,-38.3,-11.4,2026-09-25T19:57:09,0
positive_laptop_s02_060.wav,positive,laptop,s02,60,fast,30cm facing,1,Digital Microphone (Cirrus Logi [MME],3.30,-24.2,-2.8,2026-09-25T19:57:15,0
positive_laptop_s02_061.wav,positive,laptop,s02,61,normal,30cm facing,1,Digital Microphone (Cirrus Logi [MME],3.20,-29.9,-6.5,2026-09-25T19:57:21,0
positive_laptop_s02_062.wav,positive,laptop,s02,62,quiet,30cm facing,1,Digital Microphone (Cirrus Logi [MME],1.30,-33.6,-12.2,2026-09-25T19:57:25,0
positive_laptop_s02_063.wav,positive,laptop,s02,63,loud,30cm facing,1,Digital Microphone (Cirrus Logi [MME],2.30,-21.4,-2.1,2026-09-25T19:57:31,0
positive_laptop_s02_064.wav,positive,laptop,s02,64,slow,30cm facing,1,Digital Microphone (Cirrus Logi [MME],1.40,-34.2,-12.9,2026-09-25T19:57:35,0
positive_laptop_s02_065.wav,positive,laptop,s02,65,fast,30cm facing,1,Digital Microphone (Cirrus Logi [MME],1.30,-30.2,-7.9,2026-09-25T19:57:39,0
positive_laptop_s02_066.wav,positive,laptop,s02,66,normal,30cm facing,1,Digital Microphone (Cirrus Logi [MME],1.20,-25.0,-6.7,2026-09-25T19:57:44,0
positive_laptop_s02_067.wav,positive,laptop,s02,67,quiet,30cm facing,1,Digital Microphone (Cirrus Logi [MME],1.20,-28.7,-10.6,2026-09-25T19:57:48,0
positive_laptop_s02_068.wav,positive,laptop,s02,68,loud,30cm facing,1,Digital Microphone (Cirrus Logi [MME],1.50,-20.4,-2.8,2026-09-25T19:57:53,0
positive_laptop_s02_069.wav,positive,laptop,s02,69,slow,30cm facing,1,Digital Microphone (Cirrus Logi [MME],1.30,-39.5,-19.2,2026-09-25T19:57:58,0
positive_laptop_s02_070.wav,positive,laptop,s02,70,fast,30cm facing,1,Digital Microphone (Cirrus Logi [MME],1.00,-26.6,-4.9,2026-09-25T19:58:01,0
positive_laptop_s02_071.wav,positive,laptop,s02,71,normal,30cm facing,1,Digital Microphone (Cirrus Logi [MME],1.50,-23.7,-5.2,2026-09-25T19:58:06,0
positive_laptop_s02_072.wav,positive,laptop,s02,72,quiet,30cm facing,1,Digital Microphone (Cirrus Logi [MME],1.60,-30.9,-9.0,2026-09-25T19:58:10,0
positive_laptop_s02_073.wav,positive,laptop,s02,73,loud,30cm facing,1,Digital Microphone (Cirrus Logi [MME],2.50,-20.4,-1.9,2026-09-25T19:58:16,0
positive_laptop_s02_074.wav,positive,laptop,s02,74,slow,30cm facing,1,Digital Microphone (Cirrus Logi [MME],2.00,-39.9,-19.0,2026-09-25T19:58:20,0
positive_laptop_s02_075.wav,positive,laptop,s02,75,fast,30cm facing,1,Digital Microphone (Cirrus Logi [MME],1.00,-21.3,-4.6,2026-09-25T19:58:25,0
positive_laptop_s02_076.wav,positive,laptop,s02,76,normal,30cm facing,1,Digital Microphone (Cirrus Logi [MME],1.80,-29.5,-6.8,2026-09-25T19:58:29,0
positive_laptop_s02_077.wav,positive,laptop,s02,77,quiet,30cm facing,1,Digital Microphone (Cirrus Logi [MME],1.50,-26.5,-6.0,2026-09-25T19:58:34,0
positive_laptop_s02_078.wav,positive,laptop,s02,78,loud,30cm facing,1,Digital Microphone (Cirrus Logi [MME],1.60,-20.0,-1.7,2026-09-25T19:58:39,0
positive_laptop_s02_079.wav,positive,laptop,s02,79,slow,30cm facing,1,Digital Microphone (Cirrus Logi [MME],1.60,-29.4,-8.8,2026-09-25T19:58:44,0
positive_laptop_s02_080.wav,positive,laptop,s02,80,fast,30cm facing,1,Digital Microphone (Cirrus Logi [MME],1.00,-26.8,-6.6,2026-09-25T19:58:48,0
positive_laptop_s02_081.wav,positive,laptop,s02,81,normal,30cm facing,1,Digital Microphone (Cirrus Logi [MME],1.20,-25.6,-5.5,2026-09-25T19:58:52,0
positive_laptop_s02_082.wav,positive,laptop,s02,82,quiet,30cm facing,1,Digital Microphone (Cirrus Logi [MME],1.90,-30.6,-8.8,2026-09-25T19:58:56,0
positive_laptop_s02_083.wav,positive,laptop,s02,83,loud,30cm facing,1,Digital Microphone (Cirrus Logi [MME],1.40,-18.5,-2.1,2026-09-25T19:59:01,0
positive_laptop_s02_084.wav,positive,laptop,s02,84,slow,30cm facing,1,Digital Microphone (Cirrus Logi [MME],2.60,-30.2,-7.0,2026-09-25T19:59:07,0
positive_laptop_s02_085.wav,positive,laptop,s02,85,fast,30cm facing,1,Digital Microphone (Cirrus Logi [MME],4.00,-30.2,-6.0,2026-09-25T19:59:13,0
positive_laptop_s02_086.wav,positive,laptop,s02,86,normal,30cm facing,1,Digital Microphone (Cirrus Logi [MME],2.30,-27.3,-7.1,2026-09-25T19:59:19,0
positive_laptop_s02_087.wav,positive,laptop,s02,87,quiet,30cm facing,1,Digital Microphone (Cirrus Logi [MME],2.00,-32.5,-12.0,2026-09-25T19:59:23,0
positive_laptop_s02_088.wav,positive,laptop,s02,88,loud,30cm facing,1,Digital Microphone (Cirrus Logi [MME],2.20,-20.7,-2.1,2026-09-25T19:59:28,0
positive_laptop_s02_089.wav,positive,laptop,s02,89,slow,30cm facing,1,Digital Microphone (Cirrus Logi [MME],2.20,-37.9,-15.1,2026-09-25T19:59:34,0
positive_laptop_s02_090.wav,positive,laptop,s02,90,fast,30cm facing,1,Digital Microphone (Cirrus Logi [MME],1.00,-22.3,-4.5,2026-09-25T19:59:38,0
positive_laptop_s02_091.wav,positive,laptop,s02,91,normal,30cm facing,1,Digital Microphone (Cirrus Logi [MME],1.40,-34.5,-13.4,2026-09-25T19:59:42,0
positive_laptop_s02_092.wav,positive,laptop,s02,92,quiet,30cm facing,1,Digital Microphone (Cirrus Logi [MME],2.20,-37.1,-12.4,2026-09-25T19:59:48,0
positive_laptop_s02_093.wav,positive,laptop,s02,93,loud,30cm facing,1,Digital Microphone (Cirrus Logi [MME],2.80,-24.0,-2.9,2026-09-25T19:59:53,0
positive_laptop_s02_094.wav,positive,laptop,s02,94,slow,30cm facing,1,Digital Microphone (Cirrus Logi [MME],2.30,-39.0,-15.7,2026-09-25T19:59:58,0
positive_laptop_s02_095.wav,positive,laptop,s02,95,fast,30cm facing,1,Digital Microphone (Cirrus Logi [MME],1.40,-30.7,-6.2,2026-09-25T20:00:02,0
positive_laptop_s02_096.wav,positive,laptop,s02,96,normal,30cm facing,1,Digital Microphone (Cirrus Logi [MME],1.40,-25.2,-5.0,2026-09-25T20:00:07,0
positive_laptop_s02_097.wav,positive,laptop,s02,97,quiet,30cm facing,1,Digital Microphone (Cirrus Logi [MME],1.20,-27.1,-9.8,2026-09-25T20:00:11,0
positive_laptop_s02_098.wav,positive,laptop,s02,98,loud,30cm facing,1,Digital Microphone (Cirrus Logi [MME],2.10,-20.9,-2.4,2026-09-25T20:00:17,0
positive_laptop_s02_099.wav,positive,laptop,s02,99,slow,30cm facing,1,Digital Microphone (Cirrus Logi [MME],2.30,-39.6,-14.9,2026-09-25T20:00:22,0
positive_laptop_s02_100.wav,positive,laptop,s02,100,fast,30cm facing,1,Digital Microphone (Cirrus Logi [MME],1.90,-25.8,-4.2,2026-09-25T20:00:27,0
positive_laptop_s03_001.wav,positive,laptop,s03,1,normal,2m facing,1,Digital Microphone (Cirrus Logi [MME],1.80,-26.6,-5.8,2026-09-25T20:06:31,0
positive_laptop_s03_002.wav,positive,laptop,s03,2,quiet,2m facing,1,Digital Microphone (Cirrus Logi [MME],1.10,-28.2,-7.7,2026-09-25T20:06:36,0
positive_laptop_s03_003.wav,positive,laptop,s03,3,loud,2m facing,1,Digital Microphone (Cirrus Logi [MME],1.20,-22.1,-4.2,2026-09-25T20:06:40,0
positive_laptop_s03_004.wav,positive,laptop,s03,4,slow,2m facing,1,Digital Microphone (Cirrus Logi [MME],1.20,-31.2,-8.4,2026-09-25T20:06:45,0
positive_laptop_s03_005.wav,positive,laptop,s03,5,fast,2m facing,1,Digital Microphone (Cirrus Logi [MME],1.30,-27.3,-6.3,2026-09-25T20:06:49,0
positive_laptop_s03_006.wav,positive,laptop,s03,6,normal,2m facing,1,Digital Microphone (Cirrus Logi [MME],1.20,-28.9,-8.2,2026-09-25T20:06:53,0
positive_laptop_s03_007.wav,positive,laptop,s03,7,quiet,2m facing,1,Digital Microphone (Cirrus Logi [MME],1.20,-36.0,-14.1,2026-09-25T20:06:58,0
positive_laptop_s03_008.wav,positive,laptop,s03,8,loud,2m facing,1,Digital Microphone (Cirrus Logi [MME],1.20,-23.1,-4.1,2026-09-25T20:07:02,0
positive_laptop_s03_009.wav,positive,laptop,s03,9,slow,2m facing,1,Digital Microphone (Cirrus Logi [MME],1.40,-27.2,-7.7,2026-09-25T20:07:06,0
positive_laptop_s03_010.wav,positive,laptop,s03,10,fast,2m facing,1,Digital Microphone (Cirrus Logi [MME],1.00,-31.1,-10.3,2026-09-25T20:07:10,0
positive_laptop_s03_011.wav,positive,laptop,s03,11,normal,2m facing,1,Digital Microphone (Cirrus Logi [MME],1.70,-30.1,-7.6,2026-09-25T20:07:15,0
positive_laptop_s03_012.wav,positive,laptop,s03,12,quiet,2m facing,1,Digital Microphone (Cirrus Logi [MME],1.60,-34.5,-10.6,2026-09-25T20:07:20,0
positive_laptop_s03_013.wav,positive,laptop,s03,13,loud,2m facing,1,Digital Microphone (Cirrus Logi [MME],1.50,-23.1,-3.4,2026-09-25T20:07:24,0
positive_laptop_s03_014.wav,positive,laptop,s03,14,slow,2m facing,1,Digital Microphone (Cirrus Logi [MME],1.20,-42.3,-19.1,2026-09-25T20:07:28,0
positive_laptop_s03_015.wav,positive,laptop,s03,15,fast,2m facing,1,Digital Microphone (Cirrus Logi [MME],1.00,-25.9,-4.6,2026-09-25T20:07:32,0
positive_laptop_s03_016.wav,positive,laptop,s03,16,normal,2m facing,1,Digital Microphone (Cirrus Logi [MME],1.20,-25.8,-6.1,2026-09-25T20:07:37,0
positive_laptop_s03_017.wav,positive,laptop,s03,17,quiet,2m facing,1,Digital Microphone (Cirrus Logi [MME],1.30,-33.8,-11.2,2026-09-25T20:07:41,0
positive_laptop_s03_018.wav,positive,laptop,s03,18,loud,2m facing,1,Digital Microphone (Cirrus Logi [MME],1.20,-21.4,-3.6,2026-09-25T20:07:45,0
positive_laptop_s03_019.wav,positive,laptop,s03,19,slow,2m facing,1,Digital Microphone (Cirrus Logi [MME],1.20,-28.8,-8.1,2026-09-25T20:07:50,0
positive_laptop_s03_020.wav,positive,laptop,s03,20,fast,2m facing,1,Digital Microphone (Cirrus Logi [MME],1.70,-29.2,-8.0,2026-09-25T20:07:55,0
positive_laptop_s03_021.wav,positive,laptop,s03,21,normal,2m facing,1,Digital Microphone (Cirrus Logi [MME],1.10,-28.9,-7.3,2026-09-25T20:07:59,0
positive_laptop_s03_022.wav,positive,laptop,s03,22,quiet,2m facing,1,Digital Microphone (Cirrus Logi [MME],1.80,-37.0,-15.2,2026-09-25T20:08:04,0
positive_laptop_s03_023.wav,positive,laptop,s03,23,loud,2m facing,1,Digital Microphone (Cirrus Logi [MME],1.20,-23.7,-4.4,2026-09-25T20:08:09,0
positive_laptop_s03_024.wav,positive,laptop,s03,24,slow,2m facing,1,Digital Microphone (Cirrus Logi [MME],1.00,-31.1,-7.8,2026-09-25T20:08:14,0
positive_laptop_s03_025.wav,positive,laptop,s03,25,fast,2m facing,1,Digital Microphone (Cirrus Logi [MME],1.00,-26.8,-8.0,2026-09-25T20:08:18,0
positive_laptop_s03_026.wav,positive,laptop,s03,26,normal,2m facing,1,Digital Microphone (Cirrus Logi [MME],1.10,-29.8,-8.8,2026-09-25T20:08:22,0
positive_laptop_s03_027.wav,positive,laptop,s03,27,quiet,2m facing,1,Digital Microphone (Cirrus Logi [MME],1.20,-30.5,-9.6,2026-09-25T20:08:26,0
positive_laptop_s03_028.wav,positive,laptop,s03,28,loud,2m facing,1,Digital Microphone (Cirrus Logi [MME],1.30,-23.1,-4.2,2026-09-25T20:08:31,0
positive_laptop_s03_029.wav,positive,laptop,s03,29,slow,2m facing,1,Digital Microphone (Cirrus Logi [MME],1.20,-34.6,-12.6,2026-09-25T20:08:35,0
positive_laptop_s03_030.wav,positive,laptop,s03,30,fast,2m facing,1,Digital Microphone (Cirrus Logi [MME],2.70,-33.4,-7.7,2026-09-25T20:08:41,0
positive_laptop_s03_031.wav,positive,laptop,s03,31,normal,2m facing,1,Digital Microphone (Cirrus Logi [MME],2.10,-35.3,-11.4,2026-09-25T20:08:46,0
positive_laptop_s03_032.wav,positive,laptop,s03,32,quiet,2m facing,1,Digital Microphone (Cirrus Logi [MME],1.10,-35.5,-16.1,2026-09-25T20:08:50,0
positive_laptop_s03_033.wav,positive,laptop,s03,33,loud,2m facing,1,Digital Microphone (Cirrus Logi [MME],1.20,-22.2,-4.1,2026-09-25T20:08:54,0
positive_laptop_s03_034.wav,positive,laptop,s03,34,slow,2m facing,1,Digital Microphone (Cirrus Logi [MME],1.20,-30.5,-10.2,2026-09-25T20:08:59,0
positive_laptop_s03_035.wav,positive,laptop,s03,35,fast,2m facing,1,Digital Microphone (Cirrus Logi [MME],0.90,-26.9,-6.5,2026-09-25T20:09:03,0
positive_laptop_s03_036.wav,positive,laptop,s03,36,normal,2m facing,1,Digital Microphone (Cirrus Logi [MME],1.60,-31.2,-11.1,2026-09-25T20:09:07,0
positive_laptop_s03_037.wav,positive,laptop,s03,37,quiet,2m facing,1,Digital Microphone (Cirrus Logi [MME],1.00,-33.5,-12.0,2026-09-25T20:09:11,0
positive_laptop_s03_038.wav,positive,laptop,s03,38,loud,2m facing,1,Digital Microphone (Cirrus Logi [MME],1.20,-22.7,-3.8,2026-09-25T20:09:16,0
positive_laptop_s03_039.wav,positive,laptop,s03,39,slow,2m facing,1,Digital Microphone (Cirrus Logi [MME],1.20,-35.3,-13.0,2026-09-25T20:09:20,0
positive_laptop_s03_040.wav,positive,laptop,s03,40,fast,2m facing,1,Digital Microphone (Cirrus Logi [MME],1.00,-28.4,-8.5,2026-09-25T20:09:24,0
positive_laptop_s03_041.wav,positive,laptop,s03,41,normal,2m facing,1,Digital Microphone (Cirrus Logi [MME],1.20,-32.1,-12.8,2026-09-25T20:09:29,0
positive_laptop_s03_042.wav,positive,laptop,s03,42,quiet,2m facing,1,Digital Microphone (Cirrus Logi [MME],1.10,-39.0,-17.4,2026-09-25T20:09:33,0
positive_laptop_s03_043.wav,positive,laptop,s03,43,loud,2m facing,1,Digital Microphone (Cirrus Logi [MME],1.10,-21.8,-3.6,2026-09-25T20:09:38,0
positive_laptop_s03_044.wav,positive,laptop,s03,44,slow,2m facing,1,Digital Microphone (Cirrus Logi [MME],1.20,-31.8,-8.6,2026-09-25T20:09:42,0
positive_laptop_s03_045.wav,positive,laptop,s03,45,fast,2m facing,1,Digital Microphone (Cirrus Logi [MME],1.10,-26.1,-5.5,2026-09-25T20:09:47,0
positive_laptop_s03_046.wav,positive,laptop,s03,46,normal,2m facing,1,Digital Microphone (Cirrus Logi [MME],1.20,-32.3,-9.7,2026-09-25T20:09:51,0
positive_laptop_s03_047.wav,positive,laptop,s03,47,quiet,2m facing,1,Digital Microphone (Cirrus Logi [MME],1.10,-38.1,-16.2,2026-09-25T20:09:56,0
positive_laptop_s03_048.wav,positive,laptop,s03,48,loud,2m facing,1,Digital Microphone (Cirrus Logi [MME],1.20,-21.7,-3.3,2026-09-25T20:10:00,0
positive_laptop_s03_049.wav,positive,laptop,s03,49,slow,2m facing,1,Digital Microphone (Cirrus Logi [MME],1.50,-30.7,-8.3,2026-09-25T20:10:05,0
positive_laptop_s03_050.wav,positive,laptop,s03,50,fast,2m facing,1,Digital Microphone (Cirrus Logi [MME],1.20,-30.3,-9.8,2026-09-25T20:10:09,0
positive_laptop_s03_051.wav,positive,laptop,s03,51,normal,2m facing,1,Digital Microphone (Cirrus Logi [MME],1.40,-30.7,-10.4,2026-09-25T20:10:14,0
positive_laptop_s03_052.wav,positive,laptop,s03,52,quiet,2m facing,1,Digital Microphone (Cirrus Logi [MME],1.70,-40.8,-17.3,2026-09-25T20:10:18,0
positive_laptop_s03_053.wav,positive,laptop,s03,53,loud,2m facing,1,Digital Microphone (Cirrus Logi [MME],1.20,-21.8,-3.8,2026-09-25T20:10:23,0
positive_laptop_s03_054.wav,positive,laptop,s03,54,slow,2m facing,1,Digital Microphone (Cirrus Logi [MME],1.50,-27.8,-7.5,2026-09-25T20:10:27,0
positive_laptop_s03_055.wav,positive,laptop,s03,55,fast,2m facing,1,Digital Microphone (Cirrus Logi [MME],0.90,-29.7,-7.9,2026-09-25T20:10:31,0
positive_laptop_s03_056.wav,positive,laptop,s03,56,normal,2m facing,1,Digital Microphone (Cirrus Logi [MME],1.00,-29.6,-9.2,2026-09-25T20:10:35,0
positive_laptop_s03_057.wav,positive,laptop,s03,57,quiet,2m facing,1,Digital Microphone (Cirrus Logi [MME],0.80,-33.9,-13.6,2026-09-25T20:10:40,0
positive_laptop_s03_058.wav,positive,laptop,s03,58,loud,2m facing,1,Digital Microphone (Cirrus Logi [MME],1.10,-21.0,-2.7,2026-09-25T20:10:44,0
positive_laptop_s03_059.wav,positive,laptop,s03,59,slow,2m facing,1,Digital Microphone (Cirrus Logi [MME],1.10,-32.2,-11.0,2026-09-25T20:10:49,0
positive_laptop_s03_060.wav,positive,laptop,s03,60,fast,2m facing,1,Digital Microphone (Cirrus Logi [MME],0.90,-31.7,-9.4,2026-09-25T20:10:53,0
positive_laptop_s03_061.wav,positive,laptop,s03,61,normal,2m facing,1,Digital Microphone (Cirrus Logi [MME],1.10,-30.3,-11.1,2026-09-25T20:10:57,0
positive_laptop_s03_062.wav,positive,laptop,s03,62,quiet,2m facing,1,Digital Microphone (Cirrus Logi [MME],2.20,-39.6,-15.0,2026-09-25T20:11:02,0
positive_laptop_s03_063.wav,positive,laptop,s03,63,loud,2m facing,1,Digital Microphone (Cirrus Logi [MME],1.60,-21.9,-3.5,2026-09-25T20:11:07,0
positive_laptop_s03_064.wav,positive,laptop,s03,64,slow,2m facing,1,Digital Microphone (Cirrus Logi [MME],1.30,-37.2,-14.4,2026-09-25T20:11:12,0
positive_laptop_s03_065.wav,positive,laptop,s03,65,fast,2m facing,1,Digital Microphone (Cirrus Logi [MME],0.90,-28.6,-8.4,2026-09-25T20:11:16,0
positive_laptop_s03_066.wav,positive,laptop,s03,66,normal,2m facing,1,Digital Microphone (Cirrus Logi [MME],1.10,-30.5,-10.9,2026-09-25T20:11:20,0
positive_laptop_s03_067.wav,positive,laptop,s03,67,quiet,2m facing,1,Digital Microphone (Cirrus Logi [MME],1.40,-34.0,-12.6,2026-09-25T20:11:25,0
positive_laptop_s03_068.wav,positive,laptop,s03,68,loud,2m facing,1,Digital Microphone (Cirrus Logi [MME],1.20,-20.8,-3.8,2026-09-25T20:11:29,0
positive_laptop_s03_069.wav,positive,laptop,s03,69,slow,2m facing,1,Digital Microphone (Cirrus Logi [MME],1.30,-33.4,-13.1,2026-09-25T20:11:34,0
positive_laptop_s03_070.wav,positive,laptop,s03,70,fast,2m facing,1,Digital Microphone (Cirrus Logi [MME],1.50,-30.3,-7.5,2026-09-25T20:11:38,0
positive_laptop_s03_071.wav,positive,laptop,s03,71,normal,2m facing,1,Digital Microphone (Cirrus Logi [MME],1.10,-30.8,-10.0,2026-09-25T20:11:43,0
positive_laptop_s03_072.wav,positive,laptop,s03,72,quiet,2m facing,1,Digital Microphone (Cirrus Logi [MME],1.20,-37.6,-16.1,2026-09-25T20:11:48,0
positive_laptop_s03_073.wav,positive,laptop,s03,73,loud,2m facing,1,Digital Microphone (Cirrus Logi [MME],1.40,-21.0,-3.3,2026-09-25T20:11:52,0
positive_laptop_s03_074.wav,positive,laptop,s03,74,slow,2m facing,1,Digital Microphone (Cirrus Logi [MME],1.40,-35.7,-13.3,2026-09-25T20:11:57,0
positive_laptop_s03_075.wav,positive,laptop,s03,75,fast,2m facing,1,Digital Microphone (Cirrus Logi [MME],1.00,-26.8,-6.7,2026-09-25T20:12:01,0
positive_laptop_s03_076.wav,positive,laptop,s03,76,normal,2m facing,1,Digital Microphone (Cirrus Logi [MME],1.20,-30.6,-9.4,2026-09-25T20:12:05,0
positive_laptop_s03_077.wav,positive,laptop,s03,77,quiet,2m facing,1,Digital Microphone (Cirrus Logi [MME],0.90,-36.2,-14.0,2026-09-25T20:12:10,0
positive_laptop_s03_078.wav,positive,laptop,s03,78,loud,2m facing,1,Digital Microphone (Cirrus Logi [MME],1.70,-23.3,-3.4,2026-09-25T20:12:14,0
positive_laptop_s03_079.wav,positive,laptop,s03,79,slow,2m facing,1,Digital Microphone (Cirrus Logi [MME],1.10,-34.4,-12.1,2026-09-25T20:12:19,0
positive_laptop_s03_080.wav,positive,laptop,s03,80,fast,2m facing,1,Digital Microphone (Cirrus Logi [MME],0.90,-30.1,-9.7,2026-09-25T20:12:23,0
positive_laptop_s03_081.wav,positive,laptop,s03,81,normal,2m facing,1,Digital Microphone (Cirrus Logi [MME],1.10,-28.1,-7.2,2026-09-25T20:12:28,0
positive_laptop_s03_082.wav,positive,laptop,s03,82,quiet,2m facing,1,Digital Microphone (Cirrus Logi [MME],0.90,-35.3,-12.9,2026-09-25T20:12:32,0
positive_laptop_s03_083.wav,positive,laptop,s03,83,loud,2m facing,1,Digital Microphone (Cirrus Logi [MME],1.30,-21.5,-3.0,2026-09-25T20:12:37,0
positive_laptop_s03_084.wav,positive,laptop,s03,84,slow,2m facing,1,Digital Microphone (Cirrus Logi [MME],1.30,-34.7,-11.2,2026-09-25T20:12:41,0
positive_laptop_s03_085.wav,positive,laptop,s03,85,fast,2m facing,1,Digital Microphone (Cirrus Logi [MME],0.90,-32.4,-8.9,2026-09-25T20:12:45,0
positive_laptop_s03_086.wav,positive,laptop,s03,86,normal,2m facing,1,Digital Microphone (Cirrus Logi [MME],0.30,-58.4,-33.4,2026-09-25T20:12:48,0
positive_laptop_s03_087.wav,positive,laptop,s03,87,quiet,2m facing,1,Digital Microphone (Cirrus Logi [MME],0.90,-32.8,-11.3,2026-09-25T20:12:53,0
positive_laptop_s03_088.wav,positive,laptop,s03,88,loud,2m facing,1,Digital Microphone (Cirrus Logi [MME],1.20,-22.0,-4.2,2026-09-25T20:12:57,0
positive_laptop_s03_089.wav,positive,laptop,s03,89,slow,2m facing,1,Digital Microphone (Cirrus Logi [MME],1.30,-30.7,-7.5,2026-09-25T20:13:02,0
positive_laptop_s03_090.wav,positive,laptop,s03,90,fast,2m facing,1,Digital Microphone (Cirrus Logi [MME],0.90,-27.5,-5.9,2026-09-25T20:13:06,0
positive_laptop_s03_091.wav,positive,laptop,s03,91,normal,2m facing,1,Digital Microphone (Cirrus Logi [MME],1.10,-32.6,-12.0,2026-09-25T20:13:11,0
positive_laptop_s03_092.wav,positive,laptop,s03,92,quiet,2m facing,1,Digital Microphone (Cirrus Logi [MME],1.00,-30.8,-10.3,2026-09-25T20:13:15,0
positive_laptop_s03_093.wav,positive,laptop,s03,93,loud,2m facing,1,Digital Microphone (Cirrus Logi [MME],1.30,-20.7,-4.3,2026-09-25T20:13:20,0
positive_laptop_s03_094.wav,positive,laptop,s03,94,slow,2m facing,1,Digital Microphone (Cirrus Logi [MME],1.30,-35.1,-14.0,2026-09-25T20:13:25,0
positive_laptop_s03_095.wav,positive,laptop,s03,95,fast,2m facing,1,Digital Microphone (Cirrus Logi [MME],1.00,-29.3,-9.0,2026-09-25T20:13:29,0
positive_laptop_s03_096.wav,positive,laptop,s03,96,normal,2m facing,1,Digital Microphone (Cirrus Logi [MME],0.90,-31.0,-8.2,2026-09-25T20:13:33,0
positive_laptop_s03_097.wav,positive,laptop,s03,97,quiet,2m facing,1,Digital Microphone (Cirrus Logi [MME],1.10,-36.5,-14.3,2026-09-25T20:13:37,0
positive_laptop_s03_098.wav,positive,laptop,s03,98,loud,2m facing,1,Digital Microphone (Cirrus Logi [MME],1.20,-22.7,-3.3,2026-09-25T20:13:42,0
positive_laptop_s03_099.wav,positive,laptop,s03,99,slow,2m facing,1,Digital Microphone (Cirrus Logi [MME],1.40,-30.8,-9.3,2026-09-25T20:13:47,0
positive_laptop_s03_100.wav,positive,laptop,s03,100,fast,2m facing,1,Digital Microphone (Cirrus Logi [MME],0.90,-29.4,-9.3,2026-09-25T20:13:50,0
positive_laptop_s04_001.wav,positive,laptop,s04,1,normal,1m off-axis,1,Digital Microphone (Cirrus Logi [MME],1.20,-27.4,-7.0,2026-09-25T20:15:08,0
positive_laptop_s04_002.wav,positive,laptop,s04,2,quiet,1m off-axis,1,Digital Microphone (Cirrus Logi [MME],1.00,-34.4,-12.7,2026-09-25T20:15:12,0
positive_laptop_s04_003.wav,positive,laptop,s04,3,loud,1m off-axis,1,Digital Microphone (Cirrus Logi [MME],1.10,-22.7,-5.3,2026-09-25T20:15:16,0
positive_laptop_s04_004.wav,positive,laptop,s04,4,slow,1m off-axis,1,Digital Microphone (Cirrus Logi [MME],1.50,-28.5,-7.9,2026-09-25T20:15:21,0
positive_laptop_s04_005.wav,positive,laptop,s04,5,fast,1m off-axis,1,Digital Microphone (Cirrus Logi [MME],0.90,-30.7,-8.9,2026-09-25T20:15:25,0
positive_laptop_s04_006.wav,positive,laptop,s04,6,normal,1m off-axis,1,Digital Microphone (Cirrus Logi [MME],1.20,-26.2,-6.5,2026-09-25T20:15:29,0
positive_laptop_s04_007.wav,positive,laptop,s04,7,quiet,1m off-axis,1,Digital Microphone (Cirrus Logi [MME],1.00,-30.2,-9.7,2026-09-25T20:15:33,0
positive_laptop_s04_008.wav,positive,laptop,s04,8,loud,1m off-axis,1,Digital Microphone (Cirrus Logi [MME],1.20,-24.5,-4.8,2026-09-25T20:15:38,0
positive_laptop_s04_009.wav,positive,laptop,s04,9,slow,1m off-axis,1,Digital Microphone (Cirrus Logi [MME],1.30,-28.3,-9.6,2026-09-25T20:15:42,0
positive_laptop_s04_010.wav,positive,laptop,s04,10,fast,1m off-axis,1,Digital Microphone (Cirrus Logi [MME],1.00,-27.0,-5.5,2026-09-25T20:15:46,0
positive_laptop_s04_011.wav,positive,laptop,s04,11,normal,1m off-axis,1,Digital Microphone (Cirrus Logi [MME],1.10,-27.3,-6.9,2026-09-25T20:15:50,0
positive_laptop_s04_012.wav,positive,laptop,s04,12,quiet,1m off-axis,1,Digital Microphone (Cirrus Logi [MME],1.00,-32.8,-11.3,2026-09-25T20:15:54,0
positive_laptop_s04_013.wav,positive,laptop,s04,13,loud,1m off-axis,1,Digital Microphone (Cirrus Logi [MME],1.80,-23.9,-3.9,2026-09-25T20:15:59,0
positive_laptop_s04_014.wav,positive,laptop,s04,14,slow,1m off-axis,1,Digital Microphone (Cirrus Logi [MME],1.20,-32.7,-10.9,2026-09-25T20:16:03,0
positive_laptop_s04_015.wav,positive,laptop,s04,15,fast,1m off-axis,1,Digital Microphone (Cirrus Logi [MME],1.00,-26.1,-6.5,2026-09-25T20:16:08,0
positive_laptop_s04_016.wav,positive,laptop,s04,16,normal,1m off-axis,1,Digital Microphone (Cirrus Logi [MME],1.10,-28.5,-7.1,2026-09-25T20:16:12,0
positive_laptop_s04_017.wav,positive,laptop,s04,17,quiet,1m off-axis,1,Digital Microphone (Cirrus Logi [MME],1.00,-31.3,-9.1,2026-09-25T20:16:17,0
positive_laptop_s04_018.wav,positive,laptop,s04,18,loud,1m off-axis,1,Digital Microphone (Cirrus Logi [MME],1.20,-21.7,-3.0,2026-09-25T20:16:21,0
positive_laptop_s04_019.wav,positive,laptop,s04,19,slow,1m off-axis,1,Digital Microphone (Cirrus Logi [MME],1.10,-29.6,-6.5,2026-09-25T20:16:25,0
positive_laptop_s04_020.wav,positive,laptop,s04,20,fast,1m off-axis,1,Digital Microphone (Cirrus Logi [MME],1.00,-27.5,-7.1,2026-09-25T20:16:29,0
positive_laptop_s04_021.wav,positive,laptop,s04,21,normal,1m off-axis,1,Digital Microphone (Cirrus Logi [MME],2.10,-32.4,-7.7,2026-09-25T20:16:35,0
positive_laptop_s04_022.wav,positive,laptop,s04,22,quiet,1m off-axis,1,Digital Microphone (Cirrus Logi [MME],1.50,-33.4,-8.6,2026-09-25T20:16:39,0
positive_laptop_s04_023.wav,positive,laptop,s04,23,loud,1m off-axis,1,Digital Microphone (Cirrus Logi [MME],1.20,-21.4,-2.7,2026-09-25T20:16:43,0
positive_laptop_s04_024.wav,positive,laptop,s04,24,slow,1m off-axis,1,Digital Microphone (Cirrus Logi [MME],1.10,-30.7,-8.1,2026-09-25T20:16:48,0
positive_laptop_s04_025.wav,positive,laptop,s04,25,fast,1m off-axis,1,Digital Microphone (Cirrus Logi [MME],1.00,-24.7,-3.7,2026-09-25T20:16:52,0
positive_laptop_s04_026.wav,positive,laptop,s04,26,normal,1m off-axis,1,Digital Microphone (Cirrus Logi [MME],1.10,-29.2,-5.8,2026-09-25T20:16:56,0
positive_laptop_s04_027.wav,positive,laptop,s04,27,quiet,1m off-axis,1,Digital Microphone (Cirrus Logi [MME],1.00,-31.6,-10.4,2026-09-25T20:17:00,0
positive_laptop_s04_028.wav,positive,laptop,s04,28,loud,1m off-axis,1,Digital Microphone (Cirrus Logi [MME],1.30,-21.0,-2.2,2026-09-25T20:17:05,0
positive_laptop_s04_029.wav,positive,laptop,s04,29,slow,1m off-axis,1,Digital Microphone (Cirrus Logi [MME],1.30,-37.8,-14.8,2026-09-25T20:17:09,0
positive_laptop_s04_030.wav,positive,laptop,s04,30,fast,1m off-axis,1,Digital Microphone (Cirrus Logi [MME],1.20,-25.2,-5.2,2026-09-25T20:17:13,0
positive_laptop_s04_031.wav,positive,laptop,s04,31,normal,1m off-axis,1,Digital Microphone (Cirrus Logi [MME],1.30,-29.2,-7.9,2026-09-25T20:17:18,0
positive_laptop_s04_032.wav,positive,laptop,s04,32,quiet,1m off-axis,1,Digital Microphone (Cirrus Logi [MME],1.00,-29.9,-8.2,2026-09-25T20:17:22,0
positive_laptop_s04_033.wav,positive,laptop,s04,33,loud,1m off-axis,1,Digital Microphone (Cirrus Logi [MME],1.30,-21.7,-2.2,2026-09-25T20:17:27,0
positive_laptop_s04_034.wav,positive,laptop,s04,34,slow,1m off-axis,1,Digital Microphone (Cirrus Logi [MME],1.30,-34.6,-10.6,2026-09-25T20:17:31,0
positive_laptop_s04_035.wav,positive,laptop,s04,35,fast,1m off-axis,1,Digital Microphone (Cirrus Logi [MME],1.00,-24.6,-4.5,2026-09-25T20:17:35,0
positive_laptop_s04_036.wav,positive,laptop,s04,36,normal,1m off-axis,1,Digital Microphone (Cirrus Logi [MME],1.20,-26.1,-6.4,2026-09-25T20:17:40,0
positive_laptop_s04_037.wav,positive,laptop,s04,37,quiet,1m off-axis,1,Digital Microphone (Cirrus Logi [MME],0.90,-32.2,-11.3,2026-09-25T20:17:44,0
positive_laptop_s04_038.wav,positive,laptop,s04,38,loud,1m off-axis,1,Digital Microphone (Cirrus Logi [MME],2.10,-24.0,-3.2,2026-09-25T20:17:49,0
positive_laptop_s04_039.wav,positive,laptop,s04,39,slow,1m off-axis,1,Digital Microphone (Cirrus Logi [MME],2.10,-40.0,-16.8,2026-09-25T20:17:53,0
positive_laptop_s04_040.wav,positive,laptop,s04,40,fast,1m off-axis,1,Digital Microphone (Cirrus Logi [MME],1.10,-32.0,-8.5,2026-09-25T20:17:58,0
positive_laptop_s04_041.wav,positive,laptop,s04,41,normal,1m off-axis,1,Digital Microphone (Cirrus Logi [MME],1.90,-26.4,-5.1,2026-09-25T20:18:02,0
positive_laptop_s04_042.wav,positive,laptop,s04,42,quiet,1m off-axis,1,Digital Microphone (Cirrus Logi [MME],1.10,-33.3,-11.7,2026-09-25T20:18:06,0
positive_laptop_s04_043.wav,positive,laptop,s04,43,loud,1m off-axis,1,Digital Microphone (Cirrus Logi [MME],1.20,-20.9,-2.5,2026-09-25T20:18:11,0
positive_laptop_s04_044.wav,positive,laptop,s04,44,slow,1m off-axis,1,Digital Microphone (Cirrus Logi [MME],1.40,-40.8,-17.9,2026-09-25T20:18:15,0
positive_laptop_s04_045.wav,positive,laptop,s04,45,fast,1m off-axis,1,Digital Microphone (Cirrus Logi [MME],1.10,-23.5,-3.6,2026-09-25T20:18:19,0
positive_laptop_s04_046.wav,positive,laptop,s04,46,normal,1m off-axis,1,Digital Microphone (Cirrus Logi [MME],1.20,-26.4,-6.2,2026-09-25T20:18:24,0
positive_laptop_s04_047.wav,positive,laptop,s04,47,quiet,1m off-axis,1,Digital Microphone (Cirrus Logi [MME],0.90,-32.0,-9.5,2026-09-25T20:18:28,0
positive_laptop_s04_048.wav,positive,laptop,s04,48,loud,1m off-axis,1,Digital Microphone (Cirrus Logi [MME],1.50,-21.7,-2.0,2026-09-25T20:18:32,0
positive_laptop_s04_049.wav,positive,laptop,s04,49,slow,1m off-axis,1,Digital Microphone (Cirrus Logi [MME],1.40,-32.2,-9.9,2026-09-25T20:18:37,0
positive_laptop_s04_050.wav,positive,laptop,s04,50,fast,1m off-axis,1,Digital Microphone (Cirrus Logi [MME],1.10,-28.2,-8.6,2026-09-25T20:18:41,0
positive_laptop_s04_051.wav,positive,laptop,s04,51,normal,1m off-axis,1,Digital Microphone (Cirrus Logi [MME],1.20,-29.2,-8.7,2026-09-25T20:18:46,0
positive_laptop_s04_052.wav,positive,laptop,s04,52,quiet,1m off-axis,1,Digital Microphone (Cirrus Logi [MME],1.00,-32.8,-12.5,2026-09-25T20:18:50,0
positive_laptop_s04_053.wav,positive,laptop,s04,53,loud,1m off-axis,1,Digital Microphone (Cirrus Logi [MME],1.90,-23.1,-2.6,2026-09-25T20:18:55,0
positive_laptop_s04_054.wav,positive,laptop,s04,54,slow,1m off-axis,1,Digital Microphone (Cirrus Logi [MME],1.30,-38.8,-15.9,2026-09-25T20:18:59,0
positive_laptop_s04_055.wav,positive,laptop,s04,55,fast,1m off-axis,1,Digital Microphone (Cirrus Logi [MME],1.00,-26.6,-7.7,2026-09-25T20:19:03,0
positive_laptop_s04_056.wav,positive,laptop,s04,56,normal,1m off-axis,1,Digital Microphone (Cirrus Logi [MME],1.10,-31.0,-9.8,2026-09-25T20:19:08,0
positive_laptop_s04_057.wav,positive,laptop,s04,57,quiet,1m off-axis,1,Digital Microphone (Cirrus Logi [MME],1.10,-30.8,-10.6,2026-09-25T20:19:12,0
positive_laptop_s04_058.wav,positive,laptop,s04,58,loud,1m off-axis,1,Digital Microphone (Cirrus Logi [MME],1.10,-23.1,-4.0,2026-09-25T20:19:16,0
positive_laptop_s04_059.wav,positive,laptop,s04,59,slow,1m off-axis,1,Digital Microphone (Cirrus Logi [MME],1.10,-33.2,-12.1,2026-09-25T20:19:21,0
positive_laptop_s04_060.wav,positive,laptop,s04,60,fast,1m off-axis,1,Digital Microphone (Cirrus Logi [MME],1.00,-30.6,-9.6,2026-09-25T20:19:25,0
positive_laptop_s04_061.wav,positive,laptop,s04,61,normal,1m off-axis,1,Digital Microphone (Cirrus Logi [MME],1.10,-27.3,-8.1,2026-09-25T20:19:29,0
positive_laptop_s04_062.wav,positive,laptop,s04,62,quiet,1m off-axis,1,Digital Microphone (Cirrus Logi [MME],1.00,-33.2,-13.7,2026-09-25T20:19:33,0
positive_laptop_s04_063.wav,positive,laptop,s04,63,loud,1m off-axis,1,Digital Microphone (Cirrus Logi [MME],1.20,-21.3,-3.5,2026-09-25T20:19:38,0
positive_laptop_s04_064.wav,positive,laptop,s04,64,slow,1m off-axis,1,Digital Microphone (Cirrus Logi [MME],1.60,-41.2,-20.7,2026-09-25T20:19:42,0
positive_laptop_s04_065.wav,positive,laptop,s04,65,fast,1m off-axis,1,Digital Microphone (Cirrus Logi [MME],1.00,-27.9,-7.0,2026-09-25T20:19:46,0
positive_laptop_s04_066.wav,positive,laptop,s04,66,normal,1m off-axis,1,Digital Microphone (Cirrus Logi [MME],1.10,-29.0,-8.4,2026-09-25T20:19:50,0
positive_laptop_s04_067.wav,positive,laptop,s04,67,quiet,1m off-axis,1,Digital Microphone (Cirrus Logi [MME],1.60,-32.6,-10.9,2026-09-25T20:19:55,0
positive_laptop_s04_068.wav,positive,laptop,s04,68,loud,1m off-axis,1,Digital Microphone (Cirrus Logi [MME],1.20,-21.6,-3.2,2026-09-25T20:20:00,0
positive_laptop_s04_069.wav,positive,laptop,s04,69,slow,1m off-axis,1,Digital Microphone (Cirrus Logi [MME],1.70,-40.4,-16.8,2026-09-25T20:20:05,0
positive_laptop_s04_070.wav,positive,laptop,s04,70,fast,1m off-axis,1,Digital Microphone (Cirrus Logi [MME],1.00,-28.4,-7.5,2026-09-25T20:20:09,0
positive_laptop_s04_071.wav,positive,laptop,s04,71,normal,1m off-axis,1,Digital Microphone (Cirrus Logi [MME],1.20,-29.5,-7.0,2026-09-25T20:20:13,0
positive_laptop_s04_072.wav,positive,laptop,s04,72,quiet,1m off-axis,1,Digital Microphone (Cirrus Logi [MME],1.10,-34.6,-14.6,2026-09-25T20:20:17,0
positive_laptop_s04_073.wav,positive,laptop,s04,73,loud,1m off-axis,1,Digital Microphone (Cirrus Logi [MME],1.20,-22.3,-4.8,2026-09-25T20:20:22,0
positive_laptop_s04_074.wav,positive,laptop,s04,74,slow,1m off-axis,1,Digital Microphone (Cirrus Logi [MME],1.40,-28.4,-9.5,2026-09-25T20:20:26,0
positive_laptop_s04_075.wav,positive,laptop,s04,75,fast,1m off-axis,1,Digital Microphone (Cirrus Logi [MME],0.90,-30.3,-11.4,2026-09-25T20:20:30,0
positive_laptop_s04_076.wav,positive,laptop,s04,76,normal,1m off-axis,1,Digital Microphone (Cirrus Logi [MME],1.20,-29.9,-11.0,2026-09-25T20:20:35,0
positive_laptop_s04_077.wav,positive,laptop,s04,77,quiet,1m off-axis,1,Digital Microphone (Cirrus Logi [MME],1.10,-34.5,-15.5,2026-09-25T20:20:39,0
positive_laptop_s04_078.wav,positive,laptop,s04,78,loud,1m off-axis,1,Digital Microphone (Cirrus Logi [MME],1.20,-21.6,-3.3,2026-09-25T20:20:43,0
positive_laptop_s04_079.wav,positive,laptop,s04,79,slow,1m off-axis,1,Digital Microphone (Cirrus Logi [MME],1.40,-29.7,-7.7,2026-09-25T20:20:48,0
positive_laptop_s04_080.wav,positive,laptop,s04,80,fast,1m off-axis,1,Digital Microphone (Cirrus Logi [MME],1.00,-26.4,-5.6,2026-09-25T20:20:52,0
positive_laptop_s04_081.wav,positive,laptop,s04,81,normal,1m off-axis,1,Digital Microphone (Cirrus Logi [MME],2.10,-30.8,-9.2,2026-09-25T20:20:57,0
positive_laptop_s04_082.wav,positive,laptop,s04,82,quiet,1m off-axis,1,Digital Microphone (Cirrus Logi [MME],1.10,-30.8,-10.0,2026-09-25T20:21:02,0
positive_laptop_s04_083.wav,positive,laptop,s04,83,loud,1m off-axis,1,Digital Microphone (Cirrus Logi [MME],1.30,-20.8,-1.9,2026-09-25T20:21:07,0
positive_laptop_s04_084.wav,positive,laptop,s04,84,slow,1m off-axis,1,Digital Microphone (Cirrus Logi [MME],1.50,-28.8,-8.8,2026-09-25T20:21:11,0
positive_laptop_s04_085.wav,positive,laptop,s04,85,fast,1m off-axis,1,Digital Microphone (Cirrus Logi [MME],1.10,-24.3,-4.9,2026-09-25T20:21:15,0
positive_laptop_s04_086.wav,positive,laptop,s04,86,normal,1m off-axis,1,Digital Microphone (Cirrus Logi [MME],1.20,-32.3,-12.2,2026-09-25T20:21:20,0
positive_laptop_s04_087.wav,positive,laptop,s04,87,quiet,1m off-axis,1,Digital Microphone (Cirrus Logi [MME],1.00,-32.3,-11.2,2026-09-25T20:21:24,0
positive_laptop_s04_088.wav,positive,laptop,s04,88,loud,1m off-axis,1,Digital Microphone (Cirrus Logi [MME],1.40,-20.1,-2.0,2026-09-25T20:21:28,0
positive_laptop_s04_089.wav,positive,laptop,s04,89,slow,1m off-axis,1,Digital Microphone (Cirrus Logi [MME],1.40,-30.5,-11.1,2026-09-25T20:21:33,0
positive_laptop_s04_090.wav,positive,laptop,s04,90,fast,1m off-axis,1,Digital Microphone (Cirrus Logi [MME],0.90,-25.9,-5.7,2026-09-25T20:21:37,0
positive_laptop_s04_091.wav,positive,laptop,s04,91,normal,1m off-axis,1,Digital Microphone (Cirrus Logi [MME],1.10,-31.3,-10.3,2026-09-25T20:21:42,0
positive_laptop_s04_092.wav,positive,laptop,s04,92,quiet,1m off-axis,1,Digital Microphone (Cirrus Logi [MME],1.10,-29.4,-7.6,2026-09-25T20:21:46,0
positive_laptop_s04_093.wav,positive,laptop,s04,93,loud,1m off-axis,1,Digital Microphone (Cirrus Logi [MME],2.10,-22.6,-2.4,2026-09-25T20:21:51,0
positive_laptop_s04_094.wav,positive,laptop,s04,94,slow,1m off-axis,1,Digital Microphone (Cirrus Logi [MME],1.40,-35.2,-16.7,2026-09-25T20:21:55,0
positive_laptop_s04_095.wav,positive,laptop,s04,95,fast,1m off-axis,1,Digital Microphone (Cirrus Logi [MME],1.20,-27.8,-7.4,2026-09-25T20:22:00,0
positive_laptop_s04_096.wav,positive,laptop,s04,96,normal,1m off-axis,1,Digital Microphone (Cirrus Logi [MME],1.20,-25.9,-8.6,2026-09-25T20:22:04,0
positive_laptop_s04_097.wav,positive,laptop,s04,97,quiet,1m off-axis,1,Digital Microphone (Cirrus Logi [MME],1.10,-34.0,-14.1,2026-09-25T20:22:08,0
positive_laptop_s04_098.wav,positive,laptop,s04,98,loud,1m off-axis,1,Digital Microphone (Cirrus Logi [MME],1.10,-21.4,-4.1,2026-09-25T20:22:13,0
positive_laptop_s04_099.wav,positive,laptop,s04,99,slow,1m off-axis,1,Digital Microphone (Cirrus Logi [MME],1.00,-31.9,-11.4,2026-09-25T20:22:17,0
positive_laptop_s04_100.wav,positive,laptop,s04,100,fast,1m off-axis,1,Digital Microphone (Cirrus Logi [MME],0.90,-29.8,-9.2,2026-09-25T20:22:21,0
hardneg_laptop_s11_001.wav,hardneg,laptop,s11,1,raksha,1m facing,1,Digital Microphone (Cirrus Logi [MME],1.30,-19.2,-2.3,2026-09-26T10:50:11,0
hardneg_laptop_s11_002.wav,hardneg,laptop,s11,2,nakli,1m facing,1,Digital Microphone (Cirrus Logi [MME],2.10,-30.9,-8.5,2026-09-26T10:50:16,0
hardneg_laptop_s11_003.wav,hardneg,laptop,s11,3,natak,1m facing,1,Digital Microphone (Cirrus Logi [MME],1.30,-21.5,-4.1,2026-09-26T10:50:20,0
hardneg_laptop_s11_004.wav,hardneg,laptop,s11,4,kshatriya,1m facing,1,Digital Microphone (Cirrus Logi [MME],1.30,-20.2,-4.0,2026-09-26T10:50:25,0
hardneg_laptop_s11_005.wav,hardneg,laptop,s11,5,lakshan,1m facing,1,Digital Microphone (Cirrus Logi [MME],1.20,-23.3,-5.1,2026-09-26T10:50:29,0
hardneg_laptop_s11_006.wav,hardneg,laptop,s11,6,raksha,1m facing,1,Digital Microphone (Cirrus Logi [MME],2.10,-23.4,-3.4,2026-09-26T10:50:34,0
hardneg_laptop_s11_007.wav,hardneg,laptop,s11,7,nakli,1m facing,1,Digital Microphone (Cirrus Logi [MME],1.10,-32.2,-13.6,2026-09-26T10:50:39,0
hardneg_laptop_s11_008.wav,hardneg,laptop,s11,8,natak,1m facing,1,Digital Microphone (Cirrus Logi [MME],1.10,-20.1,-3.7,2026-09-26T10:50:43,0
hardneg_laptop_s11_009.wav,hardneg,laptop,s11,9,kshatriya,1m facing,1,Digital Microphone (Cirrus Logi [MME],1.40,-27.0,-7.1,2026-09-26T10:50:49,0
hardneg_laptop_s11_010.wav,hardneg,laptop,s11,10,lakshan,1m facing,1,Digital Microphone (Cirrus Logi [MME],1.10,-25.6,-7.7,2026-09-26T10:50:53,0
hardneg_laptop_s11_011.wav,hardneg,laptop,s11,11,raksha,1m facing,1,Digital Microphone (Cirrus Logi [MME],1.20,-19.4,-3.9,2026-09-26T10:50:57,0
hardneg_laptop_s11_012.wav,hardneg,laptop,s11,12,nakli,1m facing,1,Digital Microphone (Cirrus Logi [MME],1.00,-33.8,-17.6,2026-09-26T10:51:01,0
hardneg_laptop_s11_013.wav,hardneg,laptop,s11,13,natak,1m facing,1,Digital Microphone (Cirrus Logi [MME],1.10,-19.9,-3.2,2026-09-26T10:51:06,0
hardneg_laptop_s11_014.wav,hardneg,laptop,s11,14,kshatriya,1m facing,1,Digital Microphone (Cirrus Logi [MME],1.30,-22.0,-4.0,2026-09-26T10:51:10,0
hardneg_laptop_s11_015.wav,hardneg,laptop,s11,15,lakshan,1m facing,1,Digital Microphone (Cirrus Logi [MME],1.20,-21.4,-4.8,2026-09-26T10:51:14,0
hardneg_laptop_s11_016.wav,hardneg,laptop,s11,16,raksha,1m facing,1,Digital Microphone (Cirrus Logi [MME],1.10,-19.7,-3.7,2026-09-26T10:51:19,0
hardneg_laptop_s11_017.wav,hardneg,laptop,s11,17,nakli,1m facing,1,Digital Microphone (Cirrus Logi [MME],1.10,-30.7,-13.4,2026-09-26T10:51:23,0
hardneg_laptop_s11_018.wav,hardneg,laptop,s11,18,natak,1m facing,1,Digital Microphone (Cirrus Logi [MME],1.10,-19.0,-3.8,2026-09-26T10:51:28,0
hardneg_laptop_s11_019.wav,hardneg,laptop,s11,19,kshatriya,1m facing,1,Digital Microphone (Cirrus Logi [MME],2.00,-23.2,-4.1,2026-09-26T10:51:33,0
hardneg_laptop_s11_020.wav,hardneg,laptop,s11,20,lakshan,1m facing,1,Digital Microphone (Cirrus Logi [MME],1.30,-20.8,-4.4,2026-09-26T10:51:37,0
hardneg_laptop_s11_021.wav,hardneg,laptop,s11,21,raksha,1m facing,1,Digital Microphone (Cirrus Logi [MME],1.20,-20.0,-3.8,2026-09-26T10:51:41,0
hardneg_laptop_s11_022.wav,hardneg,laptop,s11,22,nakli,1m facing,1,Digital Microphone (Cirrus Logi [MME],1.10,-33.2,-16.6,2026-09-26T10:51:46,0
hardneg_laptop_s11_023.wav,hardneg,laptop,s11,23,natak,1m facing,1,Digital Microphone (Cirrus Logi [MME],1.00,-19.4,-3.2,2026-09-26T10:51:50,0
hardneg_laptop_s11_024.wav,hardneg,laptop,s11,24,kshatriya,1m facing,1,Digital Microphone (Cirrus Logi [MME],1.40,-21.8,-4.5,2026-09-26T10:51:54,0
hardneg_laptop_s11_025.wav,hardneg,laptop,s11,25,lakshan,1m facing,1,Digital Microphone (Cirrus Logi [MME],1.10,-22.9,-4.7,2026-09-26T10:51:58,0
hardneg_laptop_s11_026.wav,hardneg,laptop,s11,26,raksha,1m facing,1,Digital Microphone (Cirrus Logi [MME],1.20,-19.4,-3.5,2026-09-26T10:52:03,0
hardneg_laptop_s11_027.wav,hardneg,laptop,s11,27,nakli,1m facing,1,Digital Microphone (Cirrus Logi [MME],1.20,-22.2,-6.5,2026-09-26T10:52:07,0
hardneg_laptop_s11_028.wav,hardneg,laptop,s11,28,natak,1m facing,1,Digital Microphone (Cirrus Logi [MME],2.00,-21.2,-2.8,2026-09-26T10:52:11,0
hardneg_laptop_s11_029.wav,hardneg,laptop,s11,29,kshatriya,1m facing,1,Digital Microphone (Cirrus Logi [MME],1.30,-27.4,-9.3,2026-09-26T10:52:15,0
hardneg_laptop_s11_030.wav,hardneg,laptop,s11,30,lakshan,1m facing,1,Digital Microphone (Cirrus Logi [MME],1.20,-22.0,-5.4,2026-09-26T10:52:20,0
hardneg_laptop_s11_031.wav,hardneg,laptop,s11,31,raksha,1m facing,1,Digital Microphone (Cirrus Logi [MME],1.20,-20.1,-3.5,2026-09-26T10:52:24,0
hardneg_laptop_s11_032.wav,hardneg,laptop,s11,32,nakli,1m facing,1,Digital Microphone (Cirrus Logi [MME],1.10,-35.8,-18.2,2026-09-26T10:52:28,0
hardneg_laptop_s11_033.wav,hardneg,laptop,s11,33,natak,1m facing,1,Digital Microphone (Cirrus Logi [MME],1.10,-21.4,-4.4,2026-09-26T10:52:32,0
hardneg_laptop_s11_034.wav,hardneg,laptop,s11,34,kshatriya,1m facing,1,Digital Microphone (Cirrus Logi [MME],1.80,-22.1,-4.5,2026-09-26T10:52:36,0
hardneg_laptop_s11_035.wav,hardneg,laptop,s11,35,lakshan,1m facing,1,Digital Microphone (Cirrus Logi [MME],1.10,-22.9,-5.2,2026-09-26T10:52:40,0
hardneg_laptop_s11_036.wav,hardneg,laptop,s11,36,raksha,1m facing,1,Digital Microphone (Cirrus Logi [MME],1.70,-24.6,-4.9,2026-09-26T10:52:45,0
hardneg_laptop_s11_037.wav,hardneg,laptop,s11,37,nakli,1m facing,1,Digital Microphone (Cirrus Logi [MME],1.60,-25.2,-6.8,2026-09-26T10:52:50,0
hardneg_laptop_s11_038.wav,hardneg,laptop,s11,38,natak,1m facing,1,Digital Microphone (Cirrus Logi [MME],1.50,-22.9,-4.1,2026-09-26T10:52:54,0
hardneg_laptop_s11_039.wav,hardneg,laptop,s11,39,kshatriya,1m facing,1,Digital Microphone (Cirrus Logi [MME],1.40,-20.1,-4.3,2026-09-26T10:52:58,0
hardneg_laptop_s11_040.wav,hardneg,laptop,s11,40,lakshan,1m facing,1,Digital Microphone (Cirrus Logi [MME],1.80,-23.8,-4.8,2026-09-26T10:53:03,0
hardneg_laptop_s11_041.wav,hardneg,laptop,s11,41,raksha,1m facing,1,Digital Microphone (Cirrus Logi [MME],1.20,-20.1,-3.9,2026-09-26T10:53:07,0
hardneg_laptop_s11_042.wav,hardneg,laptop,s11,42,nakli,1m facing,1,Digital Microphone (Cirrus Logi [MME],1.10,-36.7,-18.7,2026-09-26T10:53:11,0
hardneg_laptop_s11_043.wav,hardneg,laptop,s11,43,natak,1m facing,1,Digital Microphone (Cirrus Logi [MME],1.10,-19.9,-3.6,2026-09-26T10:53:15,0
hardneg_laptop_s11_044.wav,hardneg,laptop,s11,44,kshatriya,1m facing,1,Digital Microphone (Cirrus Logi [MME],1.20,-26.6,-7.1,2026-09-26T10:53:19,0
hardneg_laptop_s11_045.wav,hardneg,laptop,s11,45,lakshan,1m facing,1,Digital Microphone (Cirrus Logi [MME],1.10,-28.7,-11.1,2026-09-26T10:53:23,0
hardneg_laptop_s11_046.wav,hardneg,laptop,s11,46,raksha,1m facing,1,Digital Microphone (Cirrus Logi [MME],1.20,-23.6,-5.9,2026-09-26T10:53:28,0
hardneg_laptop_s11_047.wav,hardneg,laptop,s11,47,nakli,1m facing,1,Digital Microphone (Cirrus Logi [MME],1.00,-33.7,-17.2,2026-09-26T10:53:32,0
hardneg_laptop_s11_048.wav,hardneg,laptop,s11,48,natak,1m facing,1,Digital Microphone (Cirrus Logi [MME],1.00,-24.4,-4.9,2026-09-26T10:53:35,0
hardneg_laptop_s11_049.wav,hardneg,laptop,s11,49,kshatriya,1m facing,1,Digital Microphone (Cirrus Logi [MME],1.20,-20.9,-4.2,2026-09-26T10:53:40,0
hardneg_laptop_s11_050.wav,hardneg,laptop,s11,50,lakshan,1m facing,1,Digital Microphone (Cirrus Logi [MME],1.10,-30.1,-11.7,2026-09-26T10:53:44,0
hardneg_laptop_s11_051.wav,hardneg,laptop,s11,51,raksha,1m facing,1,Digital Microphone (Cirrus Logi [MME],1.20,-21.4,-4.8,2026-09-26T10:53:48,0
hardneg_laptop_s11_052.wav,hardneg,laptop,s11,52,nakli,1m facing,1,Digital Microphone (Cirrus Logi [MME],2.90,-34.4,-13.2,2026-09-26T10:53:54,0
hardneg_laptop_s11_053.wav,hardneg,laptop,s11,53,natak,1m facing,1,Digital Microphone (Cirrus Logi [MME],1.00,-19.7,-3.6,2026-09-26T10:53:58,0
hardneg_laptop_s11_054.wav,hardneg,laptop,s11,54,kshatriya,1m facing,1,Digital Microphone (Cirrus Logi [MME],2.90,-24.6,-4.2,2026-09-26T10:54:03,0
hardneg_laptop_s11_055.wav,hardneg,laptop,s11,55,lakshan,1m facing,1,Digital Microphone (Cirrus Logi [MME],1.60,-24.2,-4.9,2026-09-26T10:54:08,0
hardneg_laptop_s11_056.wav,hardneg,laptop,s11,56,raksha,1m facing,1,Digital Microphone (Cirrus Logi [MME],2.10,-22.2,-4.0,2026-09-26T10:54:13,0
hardneg_laptop_s11_057.wav,hardneg,laptop,s11,57,nakli,1m facing,1,Digital Microphone (Cirrus Logi [MME],2.40,-33.3,-13.3,2026-09-26T10:54:18,0
hardneg_laptop_s11_058.wav,hardneg,laptop,s11,58,natak,1m facing,1,Digital Microphone (Cirrus Logi [MME],1.50,-20.9,-3.4,2026-09-26T10:54:22,0
hardneg_laptop_s11_059.wav,hardneg,laptop,s11,59,kshatriya,1m facing,1,Digital Microphone (Cirrus Logi [MME],2.10,-25.1,-4.0,2026-09-26T10:54:27,0
hardneg_laptop_s11_060.wav,hardneg,laptop,s11,60,lakshan,1m facing,1,Digital Microphone (Cirrus Logi [MME],3.10,-35.2,-13.0,2026-09-26T10:54:33,0
hardneg_laptop_s11_061.wav,hardneg,laptop,s11,61,raksha,1m facing,1,Digital Microphone (Cirrus Logi [MME],1.80,-22.6,-3.8,2026-09-26T10:54:39,0
hardneg_laptop_s11_062.wav,hardneg,laptop,s11,62,nakli,1m facing,1,Digital Microphone (Cirrus Logi [MME],1.10,-33.4,-16.0,2026-09-26T10:54:44,0
hardneg_laptop_s11_063.wav,hardneg,laptop,s11,63,natak,1m facing,1,Digital Microphone (Cirrus Logi [MME],1.20,-22.3,-3.9,2026-09-26T10:54:49,0
hardneg_laptop_s11_064.wav,hardneg,laptop,s11,64,kshatriya,1m facing,1,Digital Microphone (Cirrus Logi [MME],1.30,-21.6,-6.6,2026-09-26T10:54:55,0
hardneg_laptop_s11_065.wav,hardneg,laptop,s11,65,lakshan,1m facing,1,Digital Microphone (Cirrus Logi [MME],1.20,-25.2,-6.8,2026-09-26T10:55:00,0
hardneg_laptop_s11_066.wav,hardneg,laptop,s11,66,raksha,1m facing,1,Digital Microphone (Cirrus Logi [MME],1.50,-21.7,-4.2,2026-09-26T10:55:04,0
hardneg_laptop_s11_067.wav,hardneg,laptop,s11,67,nakli,1m facing,1,Digital Microphone (Cirrus Logi [MME],1.50,-25.5,-6.9,2026-09-26T10:55:09,0
hardneg_laptop_s11_068.wav,hardneg,laptop,s11,68,natak,1m facing,1,Digital Microphone (Cirrus Logi [MME],4.00,-25.5,-3.5,2026-09-26T10:55:14,0
hardneg_laptop_s11_069.wav,hardneg,laptop,s11,69,kshatriya,1m facing,1,Digital Microphone (Cirrus Logi [MME],1.90,-20.4,-3.8,2026-09-26T10:55:19,0
hardneg_laptop_s11_070.wav,hardneg,laptop,s11,70,lakshan,1m facing,1,Digital Microphone (Cirrus Logi [MME],1.20,-30.2,-12.1,2026-09-26T10:55:23,0
hardneg_laptop_s11_071.wav,hardneg,laptop,s11,71,raksha,1m facing,1,Digital Microphone (Cirrus Logi [MME],1.20,-20.7,-4.2,2026-09-26T10:55:27,0
hardneg_laptop_s11_072.wav,hardneg,laptop,s11,72,nakli,1m facing,1,Digital Microphone (Cirrus Logi [MME],1.10,-31.3,-14.5,2026-09-26T10:55:32,0
hardneg_laptop_s11_073.wav,hardneg,laptop,s11,73,natak,1m facing,1,Digital Microphone (Cirrus Logi [MME],1.10,-20.6,-3.8,2026-09-26T10:55:36,0
hardneg_laptop_s11_074.wav,hardneg,laptop,s11,74,kshatriya,1m facing,1,Digital Microphone (Cirrus Logi [MME],1.20,-24.5,-4.1,2026-09-26T10:55:40,0
hardneg_laptop_s11_075.wav,hardneg,laptop,s11,75,lakshan,1m facing,1,Digital Microphone (Cirrus Logi [MME],1.10,-23.6,-5.2,2026-09-26T10:55:44,0
hardneg_laptop_s11_076.wav,hardneg,laptop,s11,76,raksha,1m facing,1,Digital Microphone (Cirrus Logi [MME],1.00,-22.8,-5.7,2026-09-26T10:55:48,0
hardneg_laptop_s11_077.wav,hardneg,laptop,s11,77,nakli,1m facing,1,Digital Microphone (Cirrus Logi [MME],1.40,-29.2,-11.1,2026-09-26T10:55:53,0
hardneg_laptop_s11_078.wav,hardneg,laptop,s11,78,natak,1m facing,1,Digital Microphone (Cirrus Logi [MME],1.40,-19.3,-2.7,2026-09-26T10:55:57,0
hardneg_laptop_s11_079.wav,hardneg,laptop,s11,79,kshatriya,1m facing,1,Digital Microphone (Cirrus Logi [MME],1.20,-33.8,-14.3,2026-09-26T10:56:01,0
hardneg_laptop_s11_080.wav,hardneg,laptop,s11,80,lakshan,1m facing,1,Digital Microphone (Cirrus Logi [MME],1.50,-25.1,-5.0,2026-09-26T10:56:05,0
hardneg_laptop_s11_081.wav,hardneg,laptop,s11,81,raksha,1m facing,1,Digital Microphone (Cirrus Logi [MME],1.70,-21.3,-4.1,2026-09-26T10:56:09,0
hardneg_laptop_s11_082.wav,hardneg,laptop,s11,82,nakli,1m facing,1,Digital Microphone (Cirrus Logi [MME],1.00,-34.7,-16.4,2026-09-26T10:56:13,0
hardneg_laptop_s11_083.wav,hardneg,laptop,s11,83,natak,1m facing,1,Digital Microphone (Cirrus Logi [MME],1.00,-21.2,-3.8,2026-09-26T10:56:17,0
hardneg_laptop_s11_084.wav,hardneg,laptop,s11,84,kshatriya,1m facing,1,Digital Microphone (Cirrus Logi [MME],1.20,-20.6,-4.7,2026-09-26T10:56:21,0
hardneg_laptop_s11_085.wav,hardneg,laptop,s11,85,lakshan,1m facing,1,Digital Microphone (Cirrus Logi [MME],1.10,-26.3,-8.1,2026-09-26T10:56:25,0
hardneg_laptop_s11_086.wav,hardneg,laptop,s11,86,raksha,1m facing,1,Digital Microphone (Cirrus Logi [MME],1.00,-26.0,-10.0,2026-09-26T10:56:29,0
hardneg_laptop_s11_087.wav,hardneg,laptop,s11,87,nakli,1m facing,1,Digital Microphone (Cirrus Logi [MME],1.10,-31.8,-12.9,2026-09-26T10:56:33,0
hardneg_laptop_s11_088.wav,hardneg,laptop,s11,88,natak,1m facing,1,Digital Microphone (Cirrus Logi [MME],1.00,-21.9,-4.6,2026-09-26T10:56:37,0
hardneg_laptop_s11_089.wav,hardneg,laptop,s11,89,kshatriya,1m facing,1,Digital Microphone (Cirrus Logi [MME],1.30,-22.3,-4.8,2026-09-26T10:56:41,0
hardneg_laptop_s11_090.wav,hardneg,laptop,s11,90,lakshan,1m facing,1,Digital Microphone (Cirrus Logi [MME],1.10,-27.1,-8.6,2026-09-26T10:56:45,0
hardneg_laptop_s11_091.wav,hardneg,laptop,s11,91,raksha,1m facing,1,Digital Microphone (Cirrus Logi [MME],1.20,-20.2,-4.4,2026-09-26T10:56:50,0
hardneg_laptop_s11_092.wav,hardneg,laptop,s11,92,nakli,1m facing,1,Digital Microphone (Cirrus Logi [MME],1.00,-34.2,-16.5,2026-09-26T10:56:54,0
hardneg_laptop_s11_093.wav,hardneg,laptop,s11,93,natak,1m facing,1,Digital Microphone (Cirrus Logi [MME],1.30,-25.4,-6.2,2026-09-26T10:56:57,0
hardneg_laptop_s11_094.wav,hardneg,laptop,s11,94,kshatriya,1m facing,1,Digital Microphone (Cirrus Logi [MME],1.20,-20.5,-4.5,2026-09-26T10:57:02,0
hardneg_laptop_s11_095.wav,hardneg,laptop,s11,95,lakshan,1m facing,1,Digital Microphone (Cirrus Logi [MME],1.10,-22.0,-4.9,2026-09-26T10:57:06,0
hardneg_laptop_s11_096.wav,hardneg,laptop,s11,96,raksha,1m facing,1,Digital Microphone (Cirrus Logi [MME],1.10,-22.5,-5.0,2026-09-26T10:57:09,0
hardneg_laptop_s11_097.wav,hardneg,laptop,s11,97,nakli,1m facing,1,Digital Microphone (Cirrus Logi [MME],1.00,-34.1,-15.5,2026-09-26T10:57:13,0
hardneg_laptop_s11_098.wav,hardneg,laptop,s11,98,natak,1m facing,1,Digital Microphone (Cirrus Logi [MME],1.00,-21.0,-4.7,2026-09-26T10:57:17,0
hardneg_laptop_s11_099.wav,hardneg,laptop,s11,99,kshatriya,1m facing,1,Digital Microphone (Cirrus Logi [MME],1.30,-21.9,-4.6,2026-09-26T10:57:21,0
hardneg_laptop_s11_100.wav,hardneg,laptop,s11,100,lakshan,1m facing,1,Digital Microphone (Cirrus Logi [MME],1.10,-31.3,-12.4,2026-09-26T10:57:26,0
hardneg_laptop_s12_001.wav,hardneg,laptop,s12,1,raksha,30cm facing,1,Digital Microphone (Cirrus Logi [MME],2.00,-21.4,-2.6,2026-09-26T11:01:36,0
hardneg_laptop_s12_002.wav,hardneg,laptop,s12,2,nakli,30cm facing,1,Digital Microphone (Cirrus Logi [MME],1.90,-34.2,-15.3,2026-09-26T11:01:41,0
hardneg_laptop_s12_003.wav,hardneg,laptop,s12,3,natak,30cm facing,1,Digital Microphone (Cirrus Logi [MME],1.20,-22.8,-5.2,2026-09-26T11:01:45,0
hardneg_laptop_s12_004.wav,hardneg,laptop,s12,4,kshatriya,30cm facing,1,Digital Microphone (Cirrus Logi [MME],1.20,-22.8,-7.1,2026-09-26T11:01:49,0
hardneg_laptop_s12_005.wav,hardneg,laptop,s12,5,lakshan,30cm facing,1,Digital Microphone (Cirrus Logi [MME],1.10,-25.5,-8.3,2026-09-26T11:01:53,0
hardneg_laptop_s12_006.wav,hardneg,laptop,s12,6,raksha,30cm facing,1,Digital Microphone (Cirrus Logi [MME],1.10,-22.8,-5.6,2026-09-26T11:01:57,0
hardneg_laptop_s12_007.wav,hardneg,laptop,s12,7,nakli,30cm facing,1,Digital Microphone (Cirrus Logi [MME],1.80,-24.9,-6.1,2026-09-26T11:02:02,0
hardneg_laptop_s12_008.wav,hardneg,laptop,s12,8,natak,30cm facing,1,Digital Microphone (Cirrus Logi [MME],1.20,-22.5,-5.3,2026-09-26T11:02:06,0
hardneg_laptop_s12_009.wav,hardneg,laptop,s12,9,kshatriya,30cm facing,1,Digital Microphone (Cirrus Logi [MME],1.80,-23.8,-6.1,2026-09-26T11:02:11,0
hardneg_laptop_s12_010.wav,hardneg,laptop,s12,10,lakshan,30cm facing,1,Digital Microphone (Cirrus Logi [MME],1.60,-31.5,-12.1,2026-09-26T11:02:15,0
hardneg_laptop_s12_011.wav,hardneg,laptop,s12,11,raksha,30cm facing,1,Digital Microphone (Cirrus Logi [MME],1.10,-23.5,-6.2,2026-09-26T11:02:19,0
hardneg_laptop_s12_012.wav,hardneg,laptop,s12,12,nakli,30cm facing,1,Digital Microphone (Cirrus Logi [MME],1.10,-21.8,-7.6,2026-09-26T11:02:23,0
hardneg_laptop_s12_013.wav,hardneg,laptop,s12,13,natak,30cm facing,1,Digital Microphone (Cirrus Logi [MME],1.20,-23.7,-6.0,2026-09-26T11:02:27,0
hardneg_laptop_s12_014.wav,hardneg,laptop,s12,14,kshatriya,30cm facing,1,Digital Microphone (Cirrus Logi [MME],1.20,-23.0,-8.2,2026-09-26T11:02:32,0
hardneg_laptop_s12_015.wav,hardneg,laptop,s12,15,lakshan,30cm facing,1,Digital Microphone (Cirrus Logi [MME],1.20,-28.6,-9.5,2026-09-26T11:02:36,0
hardneg_laptop_s12_016.wav,hardneg,laptop,s12,16,raksha,30cm facing,1,Digital Microphone (Cirrus Logi [MME],1.20,-23.1,-5.9,2026-09-26T11:02:40,0
hardneg_laptop_s12_017.wav,hardneg,laptop,s12,17,nakli,30cm facing,1,Digital Microphone (Cirrus Logi [MME],1.10,-24.1,-9.2,2026-09-26T11:02:44,0
hardneg_laptop_s12_018.wav,hardneg,laptop,s12,18,natak,30cm facing,1,Digital Microphone (Cirrus Logi [MME],1.10,-23.2,-6.5,2026-09-26T11:02:48,0
hardneg_laptop_s12_019.wav,hardneg,laptop,s12,19,kshatriya,30cm facing,1,Digital Microphone (Cirrus Logi [MME],1.20,-22.3,-6.4,2026-09-26T11:02:52,0
hardneg_laptop_s12_020.wav,hardneg,laptop,s12,20,lakshan,30cm facing,1,Digital Microphone (Cirrus Logi [MME],1.70,-29.4,-9.6,2026-09-26T11:02:56,0
hardneg_laptop_s12_021.wav,hardneg,laptop,s12,21,raksha,30cm facing,1,Digital Microphone (Cirrus Logi [MME],1.20,-22.1,-6.4,2026-09-26T11:03:00,0
hardneg_laptop_s12_022.wav,hardneg,laptop,s12,22,nakli,30cm facing,1,Digital Microphone (Cirrus Logi [MME],1.10,-22.3,-6.6,2026-09-26T11:03:04,0
hardneg_laptop_s12_023.wav,hardneg,laptop,s12,23,natak,30cm facing,1,Digital Microphone (Cirrus Logi [MME],1.10,-27.9,-8.5,2026-09-26T11:03:08,0
hardneg_laptop_s12_024.wav,hardneg,laptop,s12,24,kshatriya,30cm facing,1,Digital Microphone (Cirrus Logi [MME],1.20,-22.3,-6.0,2026-09-26T11:03:12,0
hardneg_laptop_s12_025.wav,hardneg,laptop,s12,25,lakshan,30cm facing,1,Digital Microphone (Cirrus Logi [MME],1.20,-26.6,-8.0,2026-09-26T11:03:16,0
hardneg_laptop_s12_026.wav,hardneg,laptop,s12,26,raksha,30cm facing,1,Digital Microphone (Cirrus Logi [MME],1.60,-24.8,-6.6,2026-09-26T11:03:20,0
hardneg_laptop_s12_027.wav,hardneg,laptop,s12,27,nakli,30cm facing,1,Digital Microphone (Cirrus Logi [MME],2.00,-25.6,-8.4,2026-09-26T11:03:25,0
hardneg_laptop_s12_028.wav,hardneg,laptop,s12,28,natak,30cm facing,1,Digital Microphone (Cirrus Logi [MME],1.20,-22.7,-7.3,2026-09-26T11:03:29,0
hardneg_laptop_s12_029.wav,hardneg,laptop,s12,29,kshatriya,30cm facing,1,Digital Microphone (Cirrus Logi [MME],1.50,-23.5,-6.6,2026-09-26T11:03:33,0
hardneg_laptop_s12_030.wav,hardneg,laptop,s12,30,lakshan,30cm facing,1,Digital Microphone (Cirrus Logi [MME],1.20,-27.4,-9.1,2026-09-26T11:03:37,0
hardneg_laptop_s12_031.wav,hardneg,laptop,s12,31,raksha,30cm facing,1,Digital Microphone (Cirrus Logi [MME],1.10,-24.2,-6.9,2026-09-26T11:03:41,0
hardneg_laptop_s12_032.wav,hardneg,laptop,s12,32,nakli,30cm facing,1,Digital Microphone (Cirrus Logi [MME],1.60,-23.7,-6.6,2026-09-26T11:03:46,0
hardneg_laptop_s12_033.wav,hardneg,laptop,s12,33,natak,30cm facing,1,Digital Microphone (Cirrus Logi [MME],1.10,-26.6,-7.9,2026-09-26T11:03:50,0
hardneg_laptop_s12_034.wav,hardneg,laptop,s12,34,kshatriya,30cm facing,1,Digital Microphone (Cirrus Logi [MME],1.20,-22.6,-6.6,2026-09-26T11:03:54,0
hardneg_laptop_s12_035.wav,hardneg,laptop,s12,35,lakshan,30cm facing,1,Digital Microphone (Cirrus Logi [MME],1.50,-26.9,-7.9,2026-09-26T11:03:58,0
hardneg_laptop_s12_036.wav,hardneg,laptop,s12,36,raksha,30cm facing,1,Digital Microphone (Cirrus Logi [MME],1.60,-25.4,-6.9,2026-09-26T11:04:02,0
hardneg_laptop_s12_037.wav,hardneg,laptop,s12,37,nakli,30cm facing,1,Digital Microphone (Cirrus Logi [MME],2.00,-25.0,-8.7,2026-09-26T11:04:07,0
hardneg_laptop_s12_038.wav,hardneg,laptop,s12,38,natak,30cm facing,1,Digital Microphone (Cirrus Logi [MME],1.70,-32.4,-10.2,2026-09-26T11:04:11,0
hardneg_laptop_s12_039.wav,hardneg,laptop,s12,39,kshatriya,30cm facing,1,Digital Microphone (Cirrus Logi [MME],1.30,-24.5,-8.6,2026-09-26T11:04:15,0
hardneg_laptop_s12_040.wav,hardneg,laptop,s12,40,lakshan,30cm facing,1,Digital Microphone (Cirrus Logi [MME],1.30,-25.0,-8.5,2026-09-26T11:04:19,0
hardneg_laptop_s12_041.wav,hardneg,laptop,s12,41,raksha,30cm facing,1,Digital Microphone (Cirrus Logi [MME],1.10,-24.9,-8.3,2026-09-26T11:04:24,0
hardneg_laptop_s12_042.wav,hardneg,laptop,s12,42,nakli,30cm facing,1,Digital Microphone (Cirrus Logi [MME],1.10,-23.2,-8.5,2026-09-26T11:04:28,0
hardneg_laptop_s12_043.wav,hardneg,laptop,s12,43,natak,30cm facing,1,Digital Microphone (Cirrus Logi [MME],1.20,-25.3,-7.2,2026-09-26T11:04:32,0
hardneg_laptop_s12_044.wav,hardneg,laptop,s12,44,kshatriya,30cm facing,1,Digital Microphone (Cirrus Logi [MME],1.30,-24.2,-8.0,2026-09-26T11:04:36,0
hardneg_laptop_s12_045.wav,hardneg,laptop,s12,45,lakshan,30cm facing,1,Digital Microphone (Cirrus Logi [MME],2.10,-27.8,-9.1,2026-09-26T11:04:41,0
hardneg_laptop_s12_046.wav,hardneg,laptop,s12,46,raksha,30cm facing,1,Digital Microphone (Cirrus Logi [MME],4.00,-32.9,-7.6,2026-09-26T11:04:46,0
hardneg_laptop_s12_047.wav,hardneg,laptop,s12,47,nakli,30cm facing,1,Digital Microphone (Cirrus Logi [MME],1.20,-22.3,-7.1,2026-09-26T11:04:51,0
hardneg_laptop_s12_048.wav,hardneg,laptop,s12,48,natak,30cm facing,1,Digital Microphone (Cirrus Logi [MME],1.10,-26.4,-7.9,2026-09-26T11:04:55,0
hardneg_laptop_s12_049.wav,hardneg,laptop,s12,49,kshatriya,30cm facing,1,Digital Microphone (Cirrus Logi [MME],1.30,-24.1,-9.0,2026-09-26T11:04:59,0
hardneg_laptop_s12_050.wav,hardneg,laptop,s12,50,lakshan,30cm facing,1,Digital Microphone (Cirrus Logi [MME],1.60,-25.7,-7.1,2026-09-26T11:05:03,0
hardneg_laptop_s12_051.wav,hardneg,laptop,s12,51,raksha,30cm facing,1,Digital Microphone (Cirrus Logi [MME],1.20,-23.9,-6.6,2026-09-26T11:05:08,0
hardneg_laptop_s12_052.wav,hardneg,laptop,s12,52,nakli,30cm facing,1,Digital Microphone (Cirrus Logi [MME],1.80,-25.2,-8.4,2026-09-26T11:05:12,0
hardneg_laptop_s12_053.wav,hardneg,laptop,s12,53,natak,30cm facing,1,Digital Microphone (Cirrus Logi [MME],1.20,-26.3,-5.5,2026-09-26T11:05:17,0
hardneg_laptop_s12_054.wav,hardneg,laptop,s12,54,kshatriya,30cm facing,1,Digital Microphone (Cirrus Logi [MME],1.20,-22.5,-7.1,2026-09-26T11:05:21,0
hardneg_laptop_s12_055.wav,hardneg,laptop,s12,55,lakshan,30cm facing,1,Digital Microphone (Cirrus Logi [MME],1.80,-31.6,-10.8,2026-09-26T11:05:26,0
hardneg_laptop_s12_056.wav,hardneg,laptop,s12,56,raksha,30cm facing,1,Digital Microphone (Cirrus Logi [MME],1.10,-23.4,-5.6,2026-09-26T11:05:30,0
hardneg_laptop_s12_057.wav,hardneg,laptop,s12,57,nakli,30cm facing,1,Digital Microphone (Cirrus Logi [MME],1.20,-22.4,-7.7,2026-09-26T11:05:33,0
hardneg_laptop_s12_058.wav,hardneg,laptop,s12,58,natak,30cm facing,1,Digital Microphone (Cirrus Logi [MME],1.10,-29.8,-8.5,2026-09-26T11:05:38,0
hardneg_laptop_s12_059.wav,hardneg,laptop,s12,59,kshatriya,30cm facing,1,Digital Microphone (Cirrus Logi [MME],1.80,-24.4,-7.2,2026-09-26T11:05:43,0
hardneg_laptop_s12_060.wav,hardneg,laptop,s12,60,lakshan,30cm facing,1,Digital Microphone (Cirrus Logi [MME],1.10,-28.3,-7.4,2026-09-26T11:05:47,0
hardneg_laptop_s12_061.wav,hardneg,laptop,s12,61,raksha,30cm facing,1,Digital Microphone (Cirrus Logi [MME],2.20,-24.8,-4.6,2026-09-26T11:05:52,0
hardneg_laptop_s12_062.wav,hardneg,laptop,s12,62,nakli,30cm facing,1,Digital Microphone (Cirrus Logi [MME],2.00,-24.7,-6.9,2026-09-26T11:05:57,0
hardneg_laptop_s12_063.wav,hardneg,laptop,s12,63,natak,30cm facing,1,Digital Microphone (Cirrus Logi [MME],1.10,-21.5,-3.8,2026-09-26T11:06:01,0
hardneg_laptop_s12_064.wav,hardneg,laptop,s12,64,kshatriya,30cm facing,1,Digital Microphone (Cirrus Logi [MME],1.20,-26.1,-6.3,2026-09-26T11:06:05,0
hardneg_laptop_s12_065.wav,hardneg,laptop,s12,65,lakshan,30cm facing,1,Digital Microphone (Cirrus Logi [MME],1.10,-23.7,-6.0,2026-09-26T11:06:09,0
hardneg_laptop_s12_066.wav,hardneg,laptop,s12,66,raksha,30cm facing,1,Digital Microphone (Cirrus Logi [MME],2.10,-29.5,-8.0,2026-09-26T11:06:14,0
hardneg_laptop_s12_067.wav,hardneg,laptop,s12,67,nakli,30cm facing,1,Digital Microphone (Cirrus Logi [MME],1.10,-22.7,-8.1,2026-09-26T11:06:18,0
hardneg_laptop_s12_068.wav,hardneg,laptop,s12,68,natak,30cm facing,1,Digital Microphone (Cirrus Logi [MME],1.10,-22.9,-6.7,2026-09-26T11:06:23,0
hardneg_laptop_s12_069.wav,hardneg,laptop,s12,69,kshatriya,30cm facing,1,Digital Microphone (Cirrus Logi [MME],1.30,-22.9,-6.2,2026-09-26T11:06:27,0
hardneg_laptop_s12_070.wav,hardneg,laptop,s12,70,lakshan,30cm facing,1,Digital Microphone (Cirrus Logi [MME],1.60,-26.2,-6.1,2026-09-26T11:06:31,0
hardneg_laptop_s12_071.wav,hardneg,laptop,s12,71,raksha,30cm facing,1,Digital Microphone (Cirrus Logi [MME],1.20,-26.0,-5.8,2026-09-26T11:06:35,0
hardneg_laptop_s12_072.wav,hardneg,laptop,s12,72,nakli,30cm facing,1,Digital Microphone (Cirrus Logi [MME],1.30,-24.2,-9.1,2026-09-26T11:06:40,0
hardneg_laptop_s12_073.wav,hardneg,laptop,s12,73,natak,30cm facing,1,Digital Microphone (Cirrus Logi [MME],1.20,-26.3,-6.8,2026-09-26T11:06:44,0
hardneg_laptop_s12_074.wav,hardneg,laptop,s12,74,kshatriya,30cm facing,1,Digital Microphone (Cirrus Logi [MME],2.00,-25.0,-5.7,2026-09-26T11:06:49,0
hardneg_laptop_s12_075.wav,hardneg,laptop,s12,75,lakshan,30cm facing,1,Digital Microphone (Cirrus Logi [MME],1.10,-29.0,-9.5,2026-09-26T11:06:53,0
hardneg_laptop_s12_076.wav,hardneg,laptop,s12,76,raksha,30cm facing,1,Digital Microphone (Cirrus Logi [MME],1.10,-23.8,-6.4,2026-09-26T11:06:57,0
hardneg_laptop_s12_077.wav,hardneg,laptop,s12,77,nakli,30cm facing,1,Digital Microphone (Cirrus Logi [MME],1.20,-26.6,-10.1,2026-09-26T11:07:01,0
hardneg_laptop_s12_078.wav,hardneg,laptop,s12,78,natak,30cm facing,1,Digital Microphone (Cirrus Logi [MME],1.20,-22.8,-6.4,2026-09-26T11:07:06,0
hardneg_laptop_s12_079.wav,hardneg,laptop,s12,79,kshatriya,30cm facing,1,Digital Microphone (Cirrus Logi [MME],1.60,-25.2,-6.0,2026-09-26T11:07:10,0
hardneg_laptop_s12_080.wav,hardneg,laptop,s12,80,lakshan,30cm facing,1,Digital Microphone (Cirrus Logi [MME],1.10,-31.7,-12.9,2026-09-26T11:07:14,0
hardneg_laptop_s12_081.wav,hardneg,laptop,s12,81,raksha,30cm facing,1,Digital Microphone (Cirrus Logi [MME],1.20,-24.2,-6.5,2026-09-26T11:07:18,0
hardneg_laptop_s12_082.wav,hardneg,laptop,s12,82,nakli,30cm facing,1,Digital Microphone (Cirrus Logi [MME],1.10,-23.3,-9.3,2026-09-26T11:07:22,0
hardneg_laptop_s12_083.wav,hardneg,laptop,s12,83,natak,30cm facing,1,Digital Microphone (Cirrus Logi [MME],1.30,-28.7,-8.7,2026-09-26T11:07:26,0
hardneg_laptop_s12_084.wav,hardneg,laptop,s12,84,kshatriya,30cm facing,1,Digital Microphone (Cirrus Logi [MME],1.30,-23.5,-6.8,2026-09-26T11:07:30,0
hardneg_laptop_s12_085.wav,hardneg,laptop,s12,85,lakshan,30cm facing,1,Digital Microphone (Cirrus Logi [MME],1.70,-27.3,-5.6,2026-09-26T11:07:35,0
hardneg_laptop_s12_086.wav,hardneg,laptop,s12,86,raksha,30cm facing,1,Digital Microphone (Cirrus Logi [MME],1.10,-23.7,-6.4,2026-09-26T11:07:39,0
hardneg_laptop_s12_087.wav,hardneg,laptop,s12,87,nakli,30cm facing,1,Digital Microphone (Cirrus Logi [MME],1.20,-23.3,-8.1,2026-09-26T11:07:43,0
hardneg_laptop_s12_088.wav,hardneg,laptop,s12,88,natak,30cm facing,1,Digital Microphone (Cirrus Logi [MME],1.20,-23.7,-7.3,2026-09-26T11:07:47,0
hardneg_laptop_s12_089.wav,hardneg,laptop,s12,89,kshatriya,30cm facing,1,Digital Microphone (Cirrus Logi [MME],1.30,-23.2,-6.4,2026-09-26T11:07:51,0
hardneg_laptop_s12_090.wav,hardneg,laptop,s12,90,lakshan,30cm facing,1,Digital Microphone (Cirrus Logi [MME],1.70,-27.1,-8.1,2026-09-26T11:07:55,0
hardneg_laptop_s12_091.wav,hardneg,laptop,s12,91,raksha,30cm facing,1,Digital Microphone (Cirrus Logi [MME],1.10,-24.7,-5.9,2026-09-26T11:08:00,0
hardneg_laptop_s12_092.wav,hardneg,laptop,s12,92,nakli,30cm facing,1,Digital Microphone (Cirrus Logi [MME],1.10,-23.3,-8.9,2026-09-26T11:08:03,0
hardneg_laptop_s12_093.wav,hardneg,laptop,s12,93,natak,30cm facing,1,Digital Microphone (Cirrus Logi [MME],1.20,-24.2,-6.2,2026-09-26T11:08:08,0
hardneg_laptop_s12_094.wav,hardneg,laptop,s12,94,kshatriya,30cm facing,1,Digital Microphone (Cirrus Logi [MME],1.20,-24.1,-7.1,2026-09-26T11:08:12,0
hardneg_laptop_s12_095.wav,hardneg,laptop,s12,95,lakshan,30cm facing,1,Digital Microphone (Cirrus Logi [MME],1.20,-26.6,-7.7,2026-09-26T11:08:16,0
hardneg_laptop_s12_096.wav,hardneg,laptop,s12,96,raksha,30cm facing,1,Digital Microphone (Cirrus Logi [MME],1.10,-26.5,-6.2,2026-09-26T11:08:20,0
hardneg_laptop_s12_097.wav,hardneg,laptop,s12,97,nakli,30cm facing,1,Digital Microphone (Cirrus Logi [MME],1.20,-22.5,-8.0,2026-09-26T11:08:24,0
hardneg_laptop_s12_098.wav,hardneg,laptop,s12,98,natak,30cm facing,1,Digital Microphone (Cirrus Logi [MME],1.10,-26.8,-5.9,2026-09-26T11:08:29,0
hardneg_laptop_s12_099.wav,hardneg,laptop,s12,99,kshatriya,30cm facing,1,Digital Microphone (Cirrus Logi [MME],1.20,-22.7,-6.7,2026-09-26T11:08:33,0
hardneg_laptop_s12_100.wav,hardneg,laptop,s12,100,lakshan,30cm facing,1,Digital Microphone (Cirrus Logi [MME],1.10,-25.4,-6.8,2026-09-26T11:08:37,0
ambient_laptop_a02_001.wav,ambient,laptop,a02,1,,quiet room,1,Digital Microphone (Cirrus Logi [MME],180.00,-45.3,-7.4,2026-09-26T11:20:17,0
ambient_laptop_a03_001.wav,ambient,laptop,a03,1,,talking no keyword,1,Digital Microphone (Cirrus Logi [MME],180.00,-37.0,-5.5,2026-09-26T11:23:36,0
ambient_laptop_a04_001.wav,ambient,laptop,a04,1,,talking no keyword,1,Digital Microphone (Cirrus Logi [MME],180.00,-34.2,-3.9,2026-09-26T11:27:43,0
positive_jabra_s08_001.wav,positive,jabra,s08,1,normal,boom normal,1,Headset Microphone (Jabra EVOLV [MME],2.00,-18.6,-0.7,2026-09-26T11:33:15,0
positive_jabra_s08_002.wav,positive,jabra,s08,2,quiet,boom normal,1,Headset Microphone (Jabra EVOLV [MME],2.80,-22.0,-0.8,2026-09-26T11:33:20,0
positive_jabra_s08_003.wav,positive,jabra,s08,3,loud,boom normal,1,Headset Microphone (Jabra EVOLV [MME],1.90,-22.6,-0.9,2026-09-26T11:33:25,0
positive_jabra_s08_004.wav,positive,jabra,s08,4,slow,boom normal,1,Headset Microphone (Jabra EVOLV [MME],4.00,-30.5,-2.8,2026-09-26T11:33:31,0
positive_jabra_s08_005.wav,positive,jabra,s08,5,fast,boom normal,1,Headset Microphone (Jabra EVOLV [MME],2.30,-25.9,-1.7,2026-09-26T11:33:36,0
positive_jabra_s08_006.wav,positive,jabra,s08,6,normal,boom normal,1,Headset Microphone (Jabra EVOLV [MME],1.60,-21.7,-0.8,2026-09-26T11:33:41,0
positive_jabra_s08_007.wav,positive,jabra,s08,7,quiet,boom normal,1,Headset Microphone (Jabra EVOLV [MME],2.90,-30.5,-6.3,2026-09-26T11:33:47,0
positive_jabra_s08_008.wav,positive,jabra,s08,8,loud,boom normal,1,Headset Microphone (Jabra EVOLV [MME],2.10,-21.5,-0.7,2026-09-26T11:33:51,0
positive_jabra_s08_009.wav,positive,jabra,s08,9,slow,boom normal,1,Headset Microphone (Jabra EVOLV [MME],3.30,-22.8,-0.9,2026-09-26T11:33:57,0
positive_jabra_s08_010.wav,positive,jabra,s08,10,fast,boom normal,1,Headset Microphone (Jabra EVOLV [MME],1.00,-22.2,-0.8,2026-09-26T11:34:01,0
positive_jabra_s08_011.wav,positive,jabra,s08,11,normal,boom normal,1,Headset Microphone (Jabra EVOLV [MME],2.80,-24.4,-0.8,2026-09-26T11:34:07,0
positive_jabra_s08_012.wav,positive,jabra,s08,12,quiet,boom normal,1,Headset Microphone (Jabra EVOLV [MME],1.70,-23.6,-2.8,2026-09-26T11:34:11,0
positive_jabra_s08_013.wav,positive,jabra,s08,13,loud,boom normal,1,Headset Microphone (Jabra EVOLV [MME],1.50,-17.0,-0.5,2026-09-26T11:34:16,0
positive_jabra_s08_014.wav,positive,jabra,s08,14,slow,boom normal,1,Headset Microphone (Jabra EVOLV [MME],2.70,-21.2,-0.8,2026-09-26T11:34:21,0
positive_jabra_s08_015.wav,positive,jabra,s08,15,fast,boom normal,1,Headset Microphone (Jabra EVOLV [MME],1.80,-18.2,-0.8,2026-09-26T11:34:26,0
positive_jabra_s08_016.wav,positive,jabra,s08,16,normal,boom normal,1,Headset Microphone (Jabra EVOLV [MME],1.60,-25.6,-2.8,2026-09-26T11:34:31,0
positive_jabra_s08_017.wav,positive,jabra,s08,17,quiet,boom normal,1,Headset Microphone (Jabra EVOLV [MME],3.60,-36.0,-10.3,2026-09-26T11:34:36,0
positive_jabra_s08_018.wav,positive,jabra,s08,18,loud,boom normal,1,Headset Microphone (Jabra EVOLV [MME],2.70,-19.1,-0.8,2026-09-26T11:34:42,0
positive_jabra_s08_019.wav,positive,jabra,s08,19,slow,boom normal,1,Headset Microphone (Jabra EVOLV [MME],2.00,-26.7,-2.7,2026-09-26T11:34:47,0
positive_jabra_s08_020.wav,positive,jabra,s08,20,fast,boom normal,1,Headset Microphone (Jabra EVOLV [MME],1.10,-23.1,-0.8,2026-09-26T11:34:51,0
positive_jabra_s08_021.wav,positive,jabra,s08,21,normal,boom normal,1,Headset Microphone (Jabra EVOLV [MME],3.20,-33.5,-7.4,2026-09-26T11:34:56,0
positive_jabra_s08_022.wav,positive,jabra,s08,22,quiet,boom normal,1,Headset Microphone (Jabra EVOLV [MME],1.20,-31.1,-10.9,2026-09-26T11:35:00,0
positive_jabra_s08_023.wav,positive,jabra,s08,23,loud,boom normal,1,Headset Microphone (Jabra EVOLV [MME],4.00,-24.0,-0.6,2026-09-26T11:35:06,0
positive_jabra_s08_024.wav,positive,jabra,s08,24,slow,boom normal,1,Headset Microphone (Jabra EVOLV [MME],1.40,-27.4,-5.4,2026-09-26T11:35:11,0
positive_jabra_s08_025.wav,positive,jabra,s08,25,fast,boom normal,1,Headset Microphone (Jabra EVOLV [MME],1.30,-26.4,-4.6,2026-09-26T11:35:15,0
positive_jabra_s08_026.wav,positive,jabra,s08,26,normal,boom normal,1,Headset Microphone (Jabra EVOLV [MME],3.20,-28.9,-3.5,2026-09-26T11:35:21,0
positive_jabra_s08_027.wav,positive,jabra,s08,27,quiet,boom normal,1,Headset Microphone (Jabra EVOLV [MME],1.20,-27.3,-5.4,2026-09-26T11:35:25,0
positive_jabra_s08_028.wav,positive,jabra,s08,28,loud,boom normal,1,Headset Microphone (Jabra EVOLV [MME],3.80,-24.0,-0.7,2026-09-26T11:35:30,0
positive_jabra_s08_029.wav,positive,jabra,s08,29,slow,boom normal,1,Headset Microphone (Jabra EVOLV [MME],4.00,-32.9,-5.1,2026-09-26T11:35:36,0
positive_jabra_s08_030.wav,positive,jabra,s08,30,fast,boom normal,1,Headset Microphone (Jabra EVOLV [MME],1.60,-20.6,-0.9,2026-09-26T11:35:41,0
positive_jabra_s08_031.wav,positive,jabra,s08,31,normal,boom normal,1,Headset Microphone (Jabra EVOLV [MME],2.20,-30.7,-7.5,2026-09-26T11:35:46,0
positive_jabra_s08_032.wav,positive,jabra,s08,32,quiet,boom normal,1,Headset Microphone (Jabra EVOLV [MME],1.40,-26.1,-4.4,2026-09-26T11:35:50,0
positive_jabra_s08_033.wav,positive,jabra,s08,33,loud,boom normal,1,Headset Microphone (Jabra EVOLV [MME],4.00,-24.0,-1.0,2026-09-26T11:35:56,0
positive_jabra_s08_034.wav,positive,jabra,s08,34,slow,boom normal,1,Headset Microphone (Jabra EVOLV [MME],1.60,-30.1,-7.4,2026-09-26T11:36:00,0
positive_jabra_s08_035.wav,positive,jabra,s08,35,fast,boom normal,1,Headset Microphone (Jabra EVOLV [MME],1.80,-30.3,-6.8,2026-09-26T11:36:05,0
positive_jabra_s08_036.wav,positive,jabra,s08,36,normal,boom normal,1,Headset Microphone (Jabra EVOLV [MME],3.80,-30.1,-5.4,2026-09-26T11:36:11,0
positive_jabra_s08_037.wav,positive,jabra,s08,37,quiet,boom normal,1,Headset Microphone (Jabra EVOLV [MME],2.60,-30.2,-5.0,2026-09-26T11:36:16,0
positive_jabra_s08_038.wav,positive,jabra,s08,38,loud,boom normal,1,Headset Microphone (Jabra EVOLV [MME],1.20,-18.5,-0.7,2026-09-26T11:36:20,0
positive_jabra_s08_039.wav,positive,jabra,s08,39,slow,boom normal,1,Headset Microphone (Jabra EVOLV [MME],1.20,-29.0,-7.4,2026-09-26T11:36:24,0
positive_jabra_s08_040.wav,positive,jabra,s08,40,fast,boom normal,1,Headset Microphone (Jabra EVOLV [MME],3.30,-33.4,-7.8,2026-09-26T11:36:30,0
positive_jabra_s08_041.wav,positive,jabra,s08,41,normal,boom normal,1,Headset Microphone (Jabra EVOLV [MME],4.00,-36.3,-9.1,2026-09-26T11:36:36,0
positive_jabra_s08_042.wav,positive,jabra,s08,42,quiet,boom normal,1,Headset Microphone (Jabra EVOLV [MME],4.00,-33.4,-6.3,2026-09-26T11:36:42,0
positive_jabra_s08_043.wav,positive,jabra,s08,43,loud,boom normal,1,Headset Microphone (Jabra EVOLV [MME],4.00,-24.4,-0.7,2026-09-26T11:36:48,0
positive_jabra_s08_044.wav,positive,jabra,s08,44,slow,boom normal,1,Headset Microphone (Jabra EVOLV [MME],1.60,-26.6,-5.0,2026-09-26T11:36:52,0
positive_jabra_s08_045.wav,positive,jabra,s08,45,fast,boom normal,1,Headset Microphone (Jabra EVOLV [MME],2.80,-23.7,-0.9,2026-09-26T11:36:58,0
positive_jabra_s08_046.wav,positive,jabra,s08,46,normal,boom normal,1,Headset Microphone (Jabra EVOLV [MME],1.10,-25.4,-4.7,2026-09-26T11:37:03,0
positive_jabra_s08_047.wav,positive,jabra,s08,47,quiet,boom normal,1,Headset Microphone (Jabra EVOLV [MME],4.00,-36.0,-10.4,2026-09-26T11:37:08,0
positive_jabra_s08_048.wav,positive,jabra,s08,48,loud,boom normal,1,Headset Microphone (Jabra EVOLV [MME],2.40,-21.9,-0.7,2026-09-26T11:37:13,0
positive_jabra_s08_049.wav,positive,jabra,s08,49,slow,boom normal,1,Headset Microphone (Jabra EVOLV [MME],4.00,-35.0,-8.5,2026-09-26T11:37:19,0
positive_jabra_s08_050.wav,positive,jabra,s08,50,fast,boom normal,1,Headset Microphone (Jabra EVOLV [MME],1.50,-25.8,-2.8,2026-09-26T11:37:23,0
positive_jabra_s08_051.wav,positive,jabra,s08,51,normal,boom normal,1,Headset Microphone (Jabra EVOLV [MME],2.20,-30.0,-4.1,2026-09-26T11:37:28,0
positive_jabra_s08_052.wav,positive,jabra,s08,52,quiet,boom normal,1,Headset Microphone (Jabra EVOLV [MME],2.70,-34.5,-8.3,2026-09-26T11:37:34,0
positive_jabra_s08_053.wav,positive,jabra,s08,53,loud,boom normal,1,Headset Microphone (Jabra EVOLV [MME],1.10,-19.8,-0.8,2026-09-26T11:37:38,0
positive_jabra_s08_054.wav,positive,jabra,s08,54,slow,boom normal,1,Headset Microphone (Jabra EVOLV [MME],1.30,-28.4,-7.0,2026-09-26T11:37:43,0
positive_jabra_s08_055.wav,positive,jabra,s08,55,fast,boom normal,1,Headset Microphone (Jabra EVOLV [MME],2.10,-25.8,-0.9,2026-09-26T11:37:48,0
positive_jabra_s08_056.wav,positive,jabra,s08,56,normal,boom normal,1,Headset Microphone (Jabra EVOLV [MME],3.00,-25.4,-1.0,2026-09-26T11:37:54,0
positive_jabra_s08_057.wav,positive,jabra,s08,57,quiet,boom normal,1,Headset Microphone (Jabra EVOLV [MME],4.00,-35.1,-8.1,2026-09-26T11:38:00,0
positive_jabra_s08_058.wav,positive,jabra,s08,58,loud,boom normal,1,Headset Microphone (Jabra EVOLV [MME],3.60,-23.1,-0.8,2026-09-26T11:38:05,0
positive_jabra_s08_059.wav,positive,jabra,s08,59,slow,boom normal,1,Headset Microphone (Jabra EVOLV [MME],1.50,-24.0,-2.5,2026-09-26T11:38:10,0
positive_jabra_s08_060.wav,positive,jabra,s08,60,fast,boom normal,1,Headset Microphone (Jabra EVOLV [MME],1.70,-24.5,-0.9,2026-09-26T11:38:14,0
positive_jabra_s09_001.wav,positive,jabra,s09,1,normal,boom away,1,Headset Microphone (Jabra EVOLV [MME],1.10,-32.5,-10.5,2026-09-26T12:08:53,0
positive_jabra_s09_002.wav,positive,jabra,s09,2,quiet,boom away,1,Headset Microphone (Jabra EVOLV [MME],1.90,-38.5,-15.0,2026-09-26T12:08:57,0
positive_jabra_s09_003.wav,positive,jabra,s09,3,loud,boom away,1,Headset Microphone (Jabra EVOLV [MME],4.00,-30.8,-5.1,2026-09-26T12:09:03,0
positive_jabra_s09_004.wav,positive,jabra,s09,4,slow,boom away,1,Headset Microphone (Jabra EVOLV [MME],3.00,-37.5,-12.1,2026-09-26T12:09:08,0
positive_jabra_s09_005.wav,positive,jabra,s09,5,fast,boom away,1,Headset Microphone (Jabra EVOLV [MME],4.00,-42.0,-14.6,2026-09-26T12:09:14,0
positive_jabra_s09_006.wav,positive,jabra,s09,6,normal,boom away,1,Headset Microphone (Jabra EVOLV [MME],3.80,-41.4,-16.3,2026-09-26T12:09:20,0
positive_jabra_s09_007.wav,positive,jabra,s09,7,quiet,boom away,1,Headset Microphone (Jabra EVOLV [MME],2.00,-39.3,-16.9,2026-09-26T12:09:24,0
positive_jabra_s09_008.wav,positive,jabra,s09,8,loud,boom away,1,Headset Microphone (Jabra EVOLV [MME],4.00,-29.1,-3.3,2026-09-26T12:09:30,0
positive_jabra_s09_009.wav,positive,jabra,s09,9,slow,boom away,1,Headset Microphone (Jabra EVOLV [MME],3.50,-39.1,-13.9,2026-09-26T12:09:37,0
positive_jabra_s09_010.wav,positive,jabra,s09,10,fast,boom away,1,Headset Microphone (Jabra EVOLV [MME],1.80,-37.3,-11.5,2026-09-26T12:09:41,0
positive_jabra_s09_011.wav,positive,jabra,s09,11,normal,boom away,1,Headset Microphone (Jabra EVOLV [MME],2.60,-39.3,-15.6,2026-09-26T12:09:47,0
positive_jabra_s09_012.wav,positive,jabra,s09,12,quiet,boom away,1,Headset Microphone (Jabra EVOLV [MME],4.00,-44.8,-19.9,2026-09-26T12:09:52,0
positive_jabra_s09_013.wav,positive,jabra,s09,13,loud,boom away,1,Headset Microphone (Jabra EVOLV [MME],1.50,-25.1,-3.6,2026-09-26T12:09:57,0
positive_jabra_s09_014.wav,positive,jabra,s09,14,slow,boom away,1,Headset Microphone (Jabra EVOLV [MME],3.10,-35.4,-11.9,2026-09-26T12:10:03,0
positive_jabra_s09_015.wav,positive,jabra,s09,15,fast,boom away,1,Headset Microphone (Jabra EVOLV [MME],0.90,-34.5,-11.2,2026-09-26T12:10:08,0
positive_jabra_s09_016.wav,positive,jabra,s09,16,normal,boom away,1,Headset Microphone (Jabra EVOLV [MME],3.40,-39.0,-9.0,2026-09-26T12:10:13,0
positive_jabra_s09_017.wav,positive,jabra,s09,17,quiet,boom away,1,Headset Microphone (Jabra EVOLV [MME],2.00,-43.9,-21.7,2026-09-26T12:10:18,0
positive_jabra_s09_018.wav,positive,jabra,s09,18,loud,boom away,1,Headset Microphone (Jabra EVOLV [MME],1.20,-24.9,-4.2,2026-09-26T12:10:22,0
positive_jabra_s09_019.wav,positive,jabra,s09,19,slow,boom away,1,Headset Microphone (Jabra EVOLV [MME],1.30,-37.6,-14.0,2026-09-26T12:10:27,0
positive_jabra_s09_020.wav,positive,jabra,s09,20,fast,boom away,1,Headset Microphone (Jabra EVOLV [MME],3.90,-39.9,-11.4,2026-09-26T12:10:33,0
positive_jabra_s09_021.wav,positive,jabra,s09,21,normal,boom away,1,Headset Microphone (Jabra EVOLV [MME],2.90,-39.8,-12.8,2026-09-26T12:10:39,0
positive_jabra_s09_022.wav,positive,jabra,s09,22,quiet,boom away,1,Headset Microphone (Jabra EVOLV [MME],2.20,-42.2,-17.2,2026-09-26T12:10:44,0
positive_jabra_s09_023.wav,positive,jabra,s09,23,loud,boom away,1,Headset Microphone (Jabra EVOLV [MME],1.10,-25.0,-5.2,2026-09-26T12:10:48,0
positive_jabra_s09_024.wav,positive,jabra,s09,24,slow,boom away,1,Headset Microphone (Jabra EVOLV [MME],0.60,-60.7,-45.6,2026-09-26T12:10:51,0
positive_jabra_s09_025.wav,positive,jabra,s09,25,fast,boom away,1,Headset Microphone (Jabra EVOLV [MME],2.90,-32.0,-5.9,2026-09-26T12:10:58,0
positive_jabra_s09_026.wav,positive,jabra,s09,26,normal,boom away,1,Headset Microphone (Jabra EVOLV [MME],1.30,-34.1,-12.3,2026-09-26T12:11:03,0
positive_jabra_s09_027.wav,positive,jabra,s09,27,quiet,boom away,1,Headset Microphone (Jabra EVOLV [MME],1.70,-39.7,-19.4,2026-09-26T12:11:07,0
positive_jabra_s09_028.wav,positive,jabra,s09,28,loud,boom away,1,Headset Microphone (Jabra EVOLV [MME],2.90,-26.6,-1.8,2026-09-26T12:11:14,0
positive_jabra_s09_029.wav,positive,jabra,s09,29,slow,boom away,1,Headset Microphone (Jabra EVOLV [MME],1.30,-33.6,-12.4,2026-09-26T12:11:18,0
positive_jabra_s09_030.wav,positive,jabra,s09,30,fast,boom away,1,Headset Microphone (Jabra EVOLV [MME],3.70,-40.1,-13.6,2026-09-26T12:11:24,0
positive_jabra_s09_031.wav,positive,jabra,s09,31,normal,boom away,1,Headset Microphone (Jabra EVOLV [MME],2.40,-37.2,-10.9,2026-09-26T12:11:29,0
positive_jabra_s09_032.wav,positive,jabra,s09,32,quiet,boom away,1,Headset Microphone (Jabra EVOLV [MME],3.20,-45.3,-20.3,2026-09-26T12:11:35,0
positive_jabra_s09_033.wav,positive,jabra,s09,33,loud,boom away,1,Headset Microphone (Jabra EVOLV [MME],1.20,-21.3,-2.3,2026-09-26T12:11:39,0
positive_jabra_s09_034.wav,positive,jabra,s09,34,slow,boom away,1,Headset Microphone (Jabra EVOLV [MME],2.70,-37.3,-13.3,2026-09-26T12:11:46,0
positive_jabra_s09_035.wav,positive,jabra,s09,35,fast,boom away,1,Headset Microphone (Jabra EVOLV [MME],1.00,-38.4,-17.3,2026-09-26T12:11:50,0
positive_jabra_s09_036.wav,positive,jabra,s09,36,normal,boom away,1,Headset Microphone (Jabra EVOLV [MME],2.40,-39.2,-15.6,2026-09-26T12:11:56,0
positive_jabra_s09_037.wav,positive,jabra,s09,37,quiet,boom away,1,Headset Microphone (Jabra EVOLV [MME],4.00,-46.5,-19.3,2026-09-26T12:12:01,0
positive_jabra_s09_038.wav,positive,jabra,s09,38,loud,boom away,1,Headset Microphone (Jabra EVOLV [MME],2.70,-26.6,-3.9,2026-09-26T12:12:07,0
positive_jabra_s09_039.wav,positive,jabra,s09,39,slow,boom away,1,Headset Microphone (Jabra EVOLV [MME],2.30,-36.5,-10.2,2026-09-26T12:12:12,0
positive_jabra_s09_040.wav,positive,jabra,s09,40,fast,boom away,1,Headset Microphone (Jabra EVOLV [MME],1.60,-33.6,-9.8,2026-09-26T12:12:17,0
positive_jabra_s09_041.wav,positive,jabra,s09,41,normal,boom away,1,Headset Microphone (Jabra EVOLV [MME],3.70,-39.4,-12.6,2026-09-26T12:12:24,0
positive_jabra_s09_042.wav,positive,jabra,s09,42,quiet,boom away,1,Headset Microphone (Jabra EVOLV [MME],1.30,-38.3,-20.2,2026-09-26T12:12:29,0
positive_jabra_s09_043.wav,positive,jabra,s09,43,loud,boom away,1,Headset Microphone (Jabra EVOLV [MME],2.40,-24.7,-1.6,2026-09-26T12:12:34,0
positive_jabra_s09_044.wav,positive,jabra,s09,44,slow,boom away,1,Headset Microphone (Jabra EVOLV [MME],2.80,-39.8,-14.6,2026-09-26T12:12:41,0
positive_jabra_s09_045.wav,positive,jabra,s09,45,fast,boom away,1,Headset Microphone (Jabra EVOLV [MME],4.00,-37.9,-10.8,2026-09-26T12:12:47,0
positive_jabra_s09_046.wav,positive,jabra,s09,46,normal,boom away,1,Headset Microphone (Jabra EVOLV [MME],2.90,-41.7,-17.8,2026-09-26T12:12:52,0
positive_jabra_s09_047.wav,positive,jabra,s09,47,quiet,boom away,1,Headset Microphone (Jabra EVOLV [MME],1.70,-42.8,-22.7,2026-09-26T12:12:57,0
positive_jabra_s09_048.wav,positive,jabra,s09,48,loud,boom away,1,Headset Microphone (Jabra EVOLV [MME],3.60,-30.5,-4.9,2026-09-26T12:13:03,0
positive_jabra_s09_049.wav,positive,jabra,s09,49,slow,boom away,1,Headset Microphone (Jabra EVOLV [MME],3.90,-41.0,-14.4,2026-09-26T12:13:08,0
positive_jabra_s09_050.wav,positive,jabra,s09,50,fast,boom away,1,Headset Microphone (Jabra EVOLV [MME],3.50,-40.3,-12.4,2026-09-26T12:13:14,0
positive_jabra_s09_051.wav,positive,jabra,s09,51,normal,boom away,1,Headset Microphone (Jabra EVOLV [MME],1.60,-36.7,-13.4,2026-09-26T12:13:19,0
positive_jabra_s09_052.wav,positive,jabra,s09,52,quiet,boom away,1,Headset Microphone (Jabra EVOLV [MME],3.20,-44.2,-20.4,2026-09-26T12:13:26,0
positive_jabra_s09_053.wav,positive,jabra,s09,53,loud,boom away,1,Headset Microphone (Jabra EVOLV [MME],3.70,-28.6,-2.5,2026-09-26T12:13:31,0
positive_jabra_s09_054.wav,positive,jabra,s09,54,slow,boom away,1,Headset Microphone (Jabra EVOLV [MME],1.20,-35.3,-14.5,2026-09-26T12:13:35,0
positive_jabra_s09_055.wav,positive,jabra,s09,55,fast,boom away,1,Headset Microphone (Jabra EVOLV [MME],2.70,-37.5,-9.8,2026-09-26T12:13:43,0
positive_jabra_s09_056.wav,positive,jabra,s09,56,normal,boom away,1,Headset Microphone (Jabra EVOLV [MME],3.70,-38.1,-13.1,2026-09-26T12:13:49,0
positive_jabra_s09_057.wav,positive,jabra,s09,57,quiet,boom away,1,Headset Microphone (Jabra EVOLV [MME],1.30,-39.3,-19.3,2026-09-26T12:13:54,0
positive_jabra_s09_058.wav,positive,jabra,s09,58,loud,boom away,1,Headset Microphone (Jabra EVOLV [MME],1.40,-25.8,-4.2,2026-09-26T12:13:58,0
positive_jabra_s09_059.wav,positive,jabra,s09,59,slow,boom away,1,Headset Microphone (Jabra EVOLV [MME],1.60,-36.7,-15.8,2026-09-26T12:14:03,0
positive_jabra_s09_060.wav,positive,jabra,s09,60,fast,boom away,1,Headset Microphone (Jabra EVOLV [MME],1.80,-39.9,-16.6,2026-09-26T12:14:07,0
hardneg_jabra_s15_001.wav,hardneg,jabra,s15,1,raksha,boom normal,1,Headset Microphone (Jabra EVOLV [MME],2.00,-21.3,-0.8,2026-09-26T12:14:33,0
hardneg_jabra_s15_002.wav,hardneg,jabra,s15,2,nakli,boom normal,1,Headset Microphone (Jabra EVOLV [MME],2.20,-23.8,-1.4,2026-09-26T12:14:39,0
hardneg_jabra_s15_003.wav,hardneg,jabra,s15,3,natak,boom normal,1,Headset Microphone (Jabra EVOLV [MME],1.90,-21.8,-0.5,2026-09-26T12:14:43,0
hardneg_jabra_s15_004.wav,hardneg,jabra,s15,4,kshatriya,boom normal,1,Headset Microphone (Jabra EVOLV [MME],4.00,-25.0,-0.6,2026-09-26T12:14:49,0
hardneg_jabra_s15_005.wav,hardneg,jabra,s15,5,lakshan,boom normal,1,Headset Microphone (Jabra EVOLV [MME],2.00,-24.2,-0.9,2026-09-26T12:14:54,0
hardneg_jabra_s15_006.wav,hardneg,jabra,s15,6,raksha,boom normal,1,Headset Microphone (Jabra EVOLV [MME],4.00,-24.4,-0.9,2026-09-26T12:15:00,0
hardneg_jabra_s15_007.wav,hardneg,jabra,s15,7,nakli,boom normal,1,Headset Microphone (Jabra EVOLV [MME],4.00,-27.7,-2.9,2026-09-26T12:15:05,0
hardneg_jabra_s15_008.wav,hardneg,jabra,s15,8,natak,boom normal,1,Headset Microphone (Jabra EVOLV [MME],2.30,-23.7,-0.6,2026-09-26T12:15:10,0
hardneg_jabra_s15_009.wav,hardneg,jabra,s15,9,kshatriya,boom normal,1,Headset Microphone (Jabra EVOLV [MME],3.00,-21.3,-0.8,2026-09-26T12:15:17,0
hardneg_jabra_s15_010.wav,hardneg,jabra,s15,10,lakshan,boom normal,1,Headset Microphone (Jabra EVOLV [MME],3.40,-24.2,-0.8,2026-09-26T12:15:23,0
hardneg_jabra_s15_011.wav,hardneg,jabra,s15,11,raksha,boom normal,1,Headset Microphone (Jabra EVOLV [MME],3.60,-25.1,-0.8,2026-09-26T12:15:29,0
hardneg_jabra_s15_012.wav,hardneg,jabra,s15,12,nakli,boom normal,1,Headset Microphone (Jabra EVOLV [MME],2.80,-19.8,-0.8,2026-09-26T12:15:34,0
hardneg_jabra_s15_013.wav,hardneg,jabra,s15,13,natak,boom normal,1,Headset Microphone (Jabra EVOLV [MME],1.60,-24.2,-3.0,2026-09-26T12:15:39,0
hardneg_jabra_s15_014.wav,hardneg,jabra,s15,14,kshatriya,boom normal,1,Headset Microphone (Jabra EVOLV [MME],2.90,-26.1,-4.7,2026-09-26T12:15:45,0
hardneg_jabra_s15_015.wav,hardneg,jabra,s15,15,lakshan,boom normal,1,Headset Microphone (Jabra EVOLV [MME],1.50,-24.7,-1.6,2026-09-26T12:15:49,0
hardneg_jabra_s15_016.wav,hardneg,jabra,s15,16,raksha,boom normal,1,Headset Microphone (Jabra EVOLV [MME],2.30,-24.9,-2.4,2026-09-26T12:15:54,0
hardneg_jabra_s15_017.wav,hardneg,jabra,s15,17,nakli,boom normal,1,Headset Microphone (Jabra EVOLV [MME],1.30,-24.0,-3.5,2026-09-26T12:15:58,0
hardneg_jabra_s15_018.wav,hardneg,jabra,s15,18,natak,boom normal,1,Headset Microphone (Jabra EVOLV [MME],2.30,-25.9,-1.2,2026-09-26T12:16:03,0
hardneg_jabra_s15_019.wav,hardneg,jabra,s15,19,kshatriya,boom normal,1,Headset Microphone (Jabra EVOLV [MME],1.90,-27.1,-6.2,2026-09-26T12:16:08,0
hardneg_jabra_s15_020.wav,hardneg,jabra,s15,20,lakshan,boom normal,1,Headset Microphone (Jabra EVOLV [MME],3.00,-26.2,-0.9,2026-09-26T12:16:14,0
hardneg_jabra_s15_021.wav,hardneg,jabra,s15,21,raksha,boom normal,1,Headset Microphone (Jabra EVOLV [MME],2.80,-26.9,-2.5,2026-09-26T12:16:20,0
hardneg_jabra_s15_022.wav,hardneg,jabra,s15,22,nakli,boom normal,1,Headset Microphone (Jabra EVOLV [MME],4.00,-31.3,-6.9,2026-09-26T12:16:26,0
hardneg_jabra_s15_023.wav,hardneg,jabra,s15,23,natak,boom normal,1,Headset Microphone (Jabra EVOLV [MME],2.20,-26.2,-1.0,2026-09-26T12:16:30,0
hardneg_jabra_s15_024.wav,hardneg,jabra,s15,24,kshatriya,boom normal,1,Headset Microphone (Jabra EVOLV [MME],4.00,-29.7,-4.1,2026-09-26T12:16:36,0
hardneg_jabra_s15_025.wav,hardneg,jabra,s15,25,lakshan,boom normal,1,Headset Microphone (Jabra EVOLV [MME],2.50,-29.2,-4.7,2026-09-26T12:16:41,0
hardneg_jabra_s15_026.wav,hardneg,jabra,s15,26,raksha,boom normal,1,Headset Microphone (Jabra EVOLV [MME],1.60,-23.9,-2.6,2026-09-26T12:16:46,0
hardneg_jabra_s15_027.wav,hardneg,jabra,s15,27,nakli,boom normal,1,Headset Microphone (Jabra EVOLV [MME],1.50,-27.7,-5.7,2026-09-26T12:16:51,0
hardneg_jabra_s15_028.wav,hardneg,jabra,s15,28,natak,boom normal,1,Headset Microphone (Jabra EVOLV [MME],2.10,-27.1,-4.3,2026-09-26T12:16:55,0
hardneg_jabra_s15_029.wav,hardneg,jabra,s15,29,kshatriya,boom normal,1,Headset Microphone (Jabra EVOLV [MME],1.30,-26.4,-4.8,2026-09-26T12:17:00,0
hardneg_jabra_s15_030.wav,hardneg,jabra,s15,30,lakshan,boom normal,1,Headset Microphone (Jabra EVOLV [MME],3.80,-31.7,-4.8,2026-09-26T12:17:05,0
hardneg_jabra_s15_031.wav,hardneg,jabra,s15,31,raksha,boom normal,1,Headset Microphone (Jabra EVOLV [MME],1.70,-24.6,-2.6,2026-09-26T12:17:10,0
hardneg_jabra_s15_032.wav,hardneg,jabra,s15,32,nakli,boom normal,1,Headset Microphone (Jabra EVOLV [MME],2.30,-29.6,-7.7,2026-09-26T12:17:15,0
hardneg_jabra_s15_033.wav,hardneg,jabra,s15,33,natak,boom normal,1,Headset Microphone (Jabra EVOLV [MME],1.50,-24.3,-2.4,2026-09-26T12:17:20,0
hardneg_jabra_s15_034.wav,hardneg,jabra,s15,34,kshatriya,boom normal,1,Headset Microphone (Jabra EVOLV [MME],2.10,-26.2,-5.0,2026-09-26T12:17:25,0
hardneg_jabra_s15_035.wav,hardneg,jabra,s15,35,lakshan,boom normal,1,Headset Microphone (Jabra EVOLV [MME],1.40,-28.1,-6.9,2026-09-26T12:17:29,0
hardneg_jabra_s15_036.wav,hardneg,jabra,s15,36,raksha,boom normal,1,Headset Microphone (Jabra EVOLV [MME],2.90,-28.7,-3.4,2026-09-26T12:17:34,0
hardneg_jabra_s15_037.wav,hardneg,jabra,s15,37,nakli,boom normal,1,Headset Microphone (Jabra EVOLV [MME],1.90,-29.2,-6.6,2026-09-26T12:17:39,0
hardneg_jabra_s15_038.wav,hardneg,jabra,s15,38,natak,boom normal,1,Headset Microphone (Jabra EVOLV [MME],4.00,-28.8,-1.9,2026-09-26T12:17:45,0
hardneg_jabra_s15_039.wav,hardneg,jabra,s15,39,kshatriya,boom normal,1,Headset Microphone (Jabra EVOLV [MME],3.40,-29.3,-4.4,2026-09-26T12:17:50,0
hardneg_jabra_s15_040.wav,hardneg,jabra,s15,40,lakshan,boom normal,1,Headset Microphone (Jabra EVOLV [MME],2.30,-29.7,-5.1,2026-09-26T12:17:56,0
ambient_jabra_a05_001.wav,ambient,jabra,a05,1,,quiet room,1,Headset Microphone (Jabra EVOLV [MME],120.00,-68.8,-34.8,2026-09-26T12:21:11,0
ambient_jabra_a06_001.wav,ambient,jabra,a06,1,,talking no keyword,1,Headset Microphone (Jabra EVOLV [MME],120.00,-32.4,-1.4,2026-09-26T12:23:50,0
positive_laptop_test_001.wav,positive,laptop,test,1,normal,demo position,1,Digital Microphone (Cirrus Logi [MME],2.10,-27.2,-6.8,2026-09-26T12:27:49,0
positive_laptop_test_002.wav,positive,laptop,test,2,quiet,demo position,1,Digital Microphone (Cirrus Logi [MME],1.20,-28.8,-8.6,2026-09-26T12:27:54,0
positive_laptop_test_003.wav,positive,laptop,test,3,loud,demo position,1,Digital Microphone (Cirrus Logi [MME],1.30,-19.5,-1.7,2026-09-26T12:27:58,0
positive_laptop_test_004.wav,positive,laptop,test,4,slow,demo position,1,Digital Microphone (Cirrus Logi [MME],1.30,-34.7,-12.5,2026-09-26T12:28:02,0
positive_laptop_test_005.wav,positive,laptop,test,5,fast,demo position,1,Digital Microphone (Cirrus Logi [MME],1.10,-25.0,-5.5,2026-09-26T12:28:07,0
positive_laptop_test_006.wav,positive,laptop,test,6,normal,demo position,1,Digital Microphone (Cirrus Logi [MME],1.20,-23.7,-4.2,2026-09-26T12:28:11,0
positive_laptop_test_007.wav,positive,laptop,test,7,quiet,demo position,1,Digital Microphone (Cirrus Logi [MME],1.20,-31.7,-10.6,2026-09-26T12:28:16,0
positive_laptop_test_008.wav,positive,laptop,test,8,loud,demo position,1,Digital Microphone (Cirrus Logi [MME],1.30,-19.7,-2.2,2026-09-26T12:28:20,0
positive_laptop_test_009.wav,positive,laptop,test,9,slow,demo position,1,Digital Microphone (Cirrus Logi [MME],1.20,-31.5,-10.0,2026-09-26T12:28:25,0
positive_laptop_test_010.wav,positive,laptop,test,10,fast,demo position,1,Digital Microphone (Cirrus Logi [MME],1.30,-25.1,-5.4,2026-09-26T12:28:29,0
positive_laptop_test_011.wav,positive,laptop,test,11,normal,demo position,1,Digital Microphone (Cirrus Logi [MME],1.20,-23.6,-4.3,2026-09-26T12:28:35,0
positive_laptop_test_012.wav,positive,laptop,test,12,quiet,demo position,1,Digital Microphone (Cirrus Logi [MME],1.00,-30.0,-8.8,2026-09-26T12:28:39,0
positive_laptop_test_013.wav,positive,laptop,test,13,loud,demo position,1,Digital Microphone (Cirrus Logi [MME],1.30,-20.1,-2.3,2026-09-26T12:28:44,0
positive_laptop_test_014.wav,positive,laptop,test,14,slow,demo position,1,Digital Microphone (Cirrus Logi [MME],1.30,-34.4,-14.6,2026-09-26T12:28:48,0
positive_laptop_test_015.wav,positive,laptop,test,15,fast,demo position,1,Digital Microphone (Cirrus Logi [MME],1.00,-25.8,-7.3,2026-09-26T12:28:53,0
positive_laptop_test_016.wav,positive,laptop,test,16,normal,demo position,1,Digital Microphone (Cirrus Logi [MME],1.20,-24.4,-6.2,2026-09-26T12:28:57,0
positive_laptop_test_017.wav,positive,laptop,test,17,quiet,demo position,1,Digital Microphone (Cirrus Logi [MME],1.40,-26.1,-5.8,2026-09-26T12:29:02,0
positive_laptop_test_018.wav,positive,laptop,test,18,loud,demo position,1,Digital Microphone (Cirrus Logi [MME],2.10,-21.5,-2.2,2026-09-26T12:29:07,0
positive_laptop_test_019.wav,positive,laptop,test,19,slow,demo position,1,Digital Microphone (Cirrus Logi [MME],3.10,-36.6,-10.1,2026-09-26T12:29:13,0
positive_laptop_test_020.wav,positive,laptop,test,20,fast,demo position,1,Digital Microphone (Cirrus Logi [MME],1.10,-25.6,-6.5,2026-09-26T12:29:18,0
positive_laptop_test_021.wav,positive,laptop,test,21,normal,demo position,1,Digital Microphone (Cirrus Logi [MME],1.10,-24.3,-5.4,2026-09-26T12:29:22,0
positive_laptop_test_022.wav,positive,laptop,test,22,quiet,demo position,1,Digital Microphone (Cirrus Logi [MME],1.10,-30.5,-10.4,2026-09-26T12:29:27,0
positive_laptop_test_023.wav,positive,laptop,test,23,loud,demo position,1,Digital Microphone (Cirrus Logi [MME],1.20,-19.2,-1.8,2026-09-26T12:29:31,0
positive_laptop_test_024.wav,positive,laptop,test,24,slow,demo position,1,Digital Microphone (Cirrus Logi [MME],1.30,-34.0,-13.9,2026-09-26T12:29:35,0
positive_laptop_test_025.wav,positive,laptop,test,25,fast,demo position,1,Digital Microphone (Cirrus Logi [MME],1.50,-35.2,-10.7,2026-09-26T12:29:40,0
positive_laptop_test_026.wav,positive,laptop,test,26,normal,demo position,1,Digital Microphone (Cirrus Logi [MME],1.70,-24.0,-5.4,2026-09-26T12:29:44,0
positive_laptop_test_027.wav,positive,laptop,test,27,quiet,demo position,1,Digital Microphone (Cirrus Logi [MME],1.10,-38.8,-17.3,2026-09-26T12:29:49,0
positive_laptop_test_028.wav,positive,laptop,test,28,loud,demo position,1,Digital Microphone (Cirrus Logi [MME],1.30,-19.3,-2.1,2026-09-26T12:29:53,0
positive_laptop_test_029.wav,positive,laptop,test,29,slow,demo position,1,Digital Microphone (Cirrus Logi [MME],1.30,-30.6,-9.6,2026-09-26T12:29:58,0
positive_laptop_test_030.wav,positive,laptop,test,30,fast,demo position,1,Digital Microphone (Cirrus Logi [MME],1.30,-28.3,-7.2,2026-09-26T12:30:02,0
positive_laptop_test_031.wav,positive,laptop,test,31,normal,demo position,1,Digital Microphone (Cirrus Logi [MME],0.40,-58.9,-46.1,2026-09-26T12:30:05,0
positive_laptop_test_032.wav,positive,laptop,test,32,quiet,demo position,1,Digital Microphone (Cirrus Logi [MME],3.30,-35.2,-10.4,2026-09-26T12:30:11,0
positive_laptop_test_033.wav,positive,laptop,test,33,loud,demo position,1,Digital Microphone (Cirrus Logi [MME],1.90,-22.0,-2.5,2026-09-26T12:30:15,0
positive_laptop_test_034.wav,positive,laptop,test,34,slow,demo position,1,Digital Microphone (Cirrus Logi [MME],1.30,-30.8,-9.6,2026-09-26T12:30:20,0
positive_laptop_test_035.wav,positive,laptop,test,35,fast,demo position,1,Digital Microphone (Cirrus Logi [MME],1.60,-29.6,-6.5,2026-09-26T12:30:24,0
positive_laptop_test_036.wav,positive,laptop,test,36,normal,demo position,1,Digital Microphone (Cirrus Logi [MME],1.50,-26.0,-6.5,2026-09-26T12:30:29,0
positive_laptop_test_037.wav,positive,laptop,test,37,quiet,demo position,1,Digital Microphone (Cirrus Logi [MME],3.90,-36.8,-12.2,2026-09-26T12:30:35,0
positive_laptop_test_038.wav,positive,laptop,test,38,loud,demo position,1,Digital Microphone (Cirrus Logi [MME],1.50,-20.5,-1.5,2026-09-26T12:30:39,0
positive_laptop_test_039.wav,positive,laptop,test,39,slow,demo position,1,Digital Microphone (Cirrus Logi [MME],1.20,-34.5,-15.1,2026-09-26T12:30:44,0
positive_laptop_test_040.wav,positive,laptop,test,40,fast,demo position,1,Digital Microphone (Cirrus Logi [MME],1.00,-23.6,-4.7,2026-09-26T12:30:49,0
positive_laptop_test_041.wav,positive,laptop,test,41,normal,demo position,1,Digital Microphone (Cirrus Logi [MME],1.20,-25.2,-5.3,2026-09-26T12:30:53,0
positive_laptop_test_042.wav,positive,laptop,test,42,quiet,demo position,1,Digital Microphone (Cirrus Logi [MME],2.00,-34.4,-11.6,2026-09-26T12:30:58,0
positive_laptop_test_043.wav,positive,laptop,test,43,loud,demo position,1,Digital Microphone (Cirrus Logi [MME],1.20,-19.1,-2.0,2026-09-26T12:31:02,0
positive_laptop_test_044.wav,positive,laptop,test,44,slow,demo position,1,Digital Microphone (Cirrus Logi [MME],1.40,-28.2,-8.6,2026-09-26T12:31:07,0
positive_laptop_test_045.wav,positive,laptop,test,45,fast,demo position,1,Digital Microphone (Cirrus Logi [MME],1.00,-25.6,-5.9,2026-09-26T12:31:12,0
positive_laptop_test_046.wav,positive,laptop,test,46,normal,demo position,1,Digital Microphone (Cirrus Logi [MME],1.20,-26.9,-7.9,2026-09-26T12:31:16,0
positive_laptop_test_047.wav,positive,laptop,test,47,quiet,demo position,1,Digital Microphone (Cirrus Logi [MME],2.10,-36.1,-12.6,2026-09-26T12:31:21,0
positive_laptop_test_048.wav,positive,laptop,test,48,loud,demo position,1,Digital Microphone (Cirrus Logi [MME],1.50,-20.4,-1.9,2026-09-26T12:31:26,0
positive_laptop_test_049.wav,positive,laptop,test,49,slow,demo position,1,Digital Microphone (Cirrus Logi [MME],1.30,-37.1,-16.5,2026-09-26T12:31:31,0
positive_laptop_test_050.wav,positive,laptop,test,50,fast,demo position,1,Digital Microphone (Cirrus Logi [MME],1.70,-32.6,-7.3,2026-09-26T12:31:35,0
positive_laptop_test_051.wav,positive,laptop,test,51,normal,demo position,1,Digital Microphone (Cirrus Logi [MME],1.20,-26.3,-7.1,2026-09-26T12:31:39,0
positive_laptop_test_052.wav,positive,laptop,test,52,quiet,demo position,1,Digital Microphone (Cirrus Logi [MME],1.70,-33.0,-10.7,2026-09-26T12:31:44,0
positive_laptop_test_053.wav,positive,laptop,test,53,loud,demo position,1,Digital Microphone (Cirrus Logi [MME],1.30,-19.6,-1.9,2026-09-26T12:31:49,0
positive_laptop_test_054.wav,positive,laptop,test,54,slow,demo position,1,Digital Microphone (Cirrus Logi [MME],1.30,-33.5,-14.1,2026-09-26T12:31:54,0
positive_laptop_test_055.wav,positive,laptop,test,55,fast,demo position,1,Digital Microphone (Cirrus Logi [MME],1.00,-26.9,-7.1,2026-09-26T12:31:58,0
positive_laptop_test_056.wav,positive,laptop,test,56,normal,demo position,1,Digital Microphone (Cirrus Logi [MME],1.20,-25.6,-7.4,2026-09-26T12:32:03,0
positive_laptop_test_057.wav,positive,laptop,test,57,quiet,demo position,1,Digital Microphone (Cirrus Logi [MME],1.90,-34.3,-11.0,2026-09-26T12:32:07,0
positive_laptop_test_058.wav,positive,laptop,test,58,loud,demo position,1,Digital Microphone (Cirrus Logi [MME],1.20,-19.8,-2.4,2026-09-26T12:32:11,0
positive_laptop_test_059.wav,positive,laptop,test,59,slow,demo position,1,Digital Microphone (Cirrus Logi [MME],1.30,-33.8,-14.4,2026-09-26T12:32:16,0
positive_laptop_test_060.wav,positive,laptop,test,60,fast,demo position,1,Digital Microphone (Cirrus Logi [MME],1.00,-25.6,-5.8,2026-09-26T12:32:20,0
hardneg_laptop_test_001.wav,hardneg,laptop,test,1,raksha,demo position,1,Digital Microphone (Cirrus Logi [MME],1.00,-22.5,-6.4,2026-09-26T12:34:05,0
hardneg_laptop_test_002.wav,hardneg,laptop,test,2,nakli,demo position,1,Digital Microphone (Cirrus Logi [MME],1.10,-34.9,-14.4,2026-09-26T12:34:09,0
hardneg_laptop_test_003.wav,hardneg,laptop,test,3,natak,demo position,1,Digital Microphone (Cirrus Logi [MME],1.00,-23.8,-8.0,2026-09-26T12:34:13,0
hardneg_laptop_test_004.wav,hardneg,laptop,test,4,kshatriya,demo position,1,Digital Microphone (Cirrus Logi [MME],1.20,-25.1,-8.4,2026-09-26T12:34:17,0
hardneg_laptop_test_005.wav,hardneg,laptop,test,5,lakshan,demo position,1,Digital Microphone (Cirrus Logi [MME],1.80,-35.5,-14.0,2026-09-26T12:34:22,0
hardneg_laptop_test_006.wav,hardneg,laptop,test,6,raksha,demo position,1,Digital Microphone (Cirrus Logi [MME],1.10,-24.7,-8.6,2026-09-26T12:34:26,0
hardneg_laptop_test_007.wav,hardneg,laptop,test,7,nakli,demo position,1,Digital Microphone (Cirrus Logi [MME],1.00,-27.4,-10.4,2026-09-26T12:34:30,0
hardneg_laptop_test_008.wav,hardneg,laptop,test,8,natak,demo position,1,Digital Microphone (Cirrus Logi [MME],2.10,-34.0,-11.2,2026-09-26T12:34:35,0
hardneg_laptop_test_009.wav,hardneg,laptop,test,9,kshatriya,demo position,1,Digital Microphone (Cirrus Logi [MME],1.80,-28.0,-9.6,2026-09-26T12:34:39,0
hardneg_laptop_test_010.wav,hardneg,laptop,test,10,lakshan,demo position,1,Digital Microphone (Cirrus Logi [MME],2.80,-30.8,-9.0,2026-09-26T12:34:45,0
hardneg_laptop_test_011.wav,hardneg,laptop,test,11,raksha,demo position,1,Digital Microphone (Cirrus Logi [MME],1.10,-25.6,-7.2,2026-09-26T12:34:49,0
hardneg_laptop_test_012.wav,hardneg,laptop,test,12,nakli,demo position,1,Digital Microphone (Cirrus Logi [MME],1.10,-28.0,-8.8,2026-09-26T12:34:54,0
hardneg_laptop_test_013.wav,hardneg,laptop,test,13,natak,demo position,1,Digital Microphone (Cirrus Logi [MME],1.00,-24.7,-7.1,2026-09-26T12:34:58,0
hardneg_laptop_test_014.wav,hardneg,laptop,test,14,kshatriya,demo position,1,Digital Microphone (Cirrus Logi [MME],1.20,-24.6,-6.8,2026-09-26T12:35:02,0
hardneg_laptop_test_015.wav,hardneg,laptop,test,15,lakshan,demo position,1,Digital Microphone (Cirrus Logi [MME],1.20,-27.3,-9.3,2026-09-26T12:35:06,0
hardneg_laptop_test_016.wav,hardneg,laptop,test,16,raksha,demo position,1,Digital Microphone (Cirrus Logi [MME],1.10,-25.0,-7.5,2026-09-26T12:35:10,0
hardneg_laptop_test_017.wav,hardneg,laptop,test,17,nakli,demo position,1,Digital Microphone (Cirrus Logi [MME],1.10,-26.2,-8.8,2026-09-26T12:35:15,0
hardneg_laptop_test_018.wav,hardneg,laptop,test,18,natak,demo position,1,Digital Microphone (Cirrus Logi [MME],1.00,-24.0,-8.3,2026-09-26T12:35:19,0
hardneg_laptop_test_019.wav,hardneg,laptop,test,19,kshatriya,demo position,1,Digital Microphone (Cirrus Logi [MME],1.20,-24.8,-9.0,2026-09-26T12:35:23,0
hardneg_laptop_test_020.wav,hardneg,laptop,test,20,lakshan,demo position,1,Digital Microphone (Cirrus Logi [MME],1.20,-32.2,-11.4,2026-09-26T12:35:27,0
hardneg_laptop_test_021.wav,hardneg,laptop,test,21,raksha,demo position,1,Digital Microphone (Cirrus Logi [MME],1.20,-24.1,-6.9,2026-09-26T12:35:32,0
hardneg_laptop_test_022.wav,hardneg,laptop,test,22,nakli,demo position,1,Digital Microphone (Cirrus Logi [MME],1.20,-28.4,-9.0,2026-09-26T12:35:36,0
hardneg_laptop_test_023.wav,hardneg,laptop,test,23,natak,demo position,1,Digital Microphone (Cirrus Logi [MME],1.10,-23.1,-6.3,2026-09-26T12:35:40,0
hardneg_laptop_test_024.wav,hardneg,laptop,test,24,kshatriya,demo position,1,Digital Microphone (Cirrus Logi [MME],1.20,-28.7,-9.8,2026-09-26T12:35:45,0
hardneg_laptop_test_025.wav,hardneg,laptop,test,25,lakshan,demo position,1,Digital Microphone (Cirrus Logi [MME],1.20,-27.8,-9.0,2026-09-26T12:35:49,0
hardneg_laptop_test_026.wav,hardneg,laptop,test,26,raksha,demo position,1,Digital Microphone (Cirrus Logi [MME],1.20,-22.7,-5.8,2026-09-26T12:35:53,0
hardneg_laptop_test_027.wav,hardneg,laptop,test,27,nakli,demo position,1,Digital Microphone (Cirrus Logi [MME],1.10,-30.9,-9.9,2026-09-26T12:35:57,0
hardneg_laptop_test_028.wav,hardneg,laptop,test,28,natak,demo position,1,Digital Microphone (Cirrus Logi [MME],1.00,-22.6,-6.1,2026-09-26T12:36:01,0
hardneg_laptop_test_029.wav,hardneg,laptop,test,29,kshatriya,demo position,1,Digital Microphone (Cirrus Logi [MME],1.20,-28.7,-10.2,2026-09-26T12:36:05,0
hardneg_laptop_test_030.wav,hardneg,laptop,test,30,lakshan,demo position,1,Digital Microphone (Cirrus Logi [MME],1.20,-33.7,-15.2,2026-09-26T12:36:10,0
ambient_laptop_test_001.wav,ambient,laptop,test,1,,talking no keyword,1,Digital Microphone (Cirrus Logi [MME],300.00,-33.2,-6.2,2026-09-26T12:42:31,0
ambient_laptop_a07_001.wav,ambient,laptop,a07,1,,dense talking no keyword,1,Digital Microphone (Cirrus Logi [MME],180.00,-32.4,-5.6,2026-09-26T14:59:18,0
